ts,dataset,key,layout,path,cache_state,workers,rep,seed,n_samples,cap,bytes_total,epoch_s,samples_per_s,mb_per_s,rdcc_mb,discovery_s,discovery_route,skew_s,busy_frac,errors,guardrail_ok,spot_ok,prime_s,evict_s,node,tilewright_sha,tiled_client,server_version,python,notes
2026-09-20T05:09:18+00:00,edrixs,BENCH_BATCHED_5F,batched,mode_a,warm,1,0,20260919,64,64,3092480,1.686,37.95,1.8,1.0,25.734,query_catalog,0.0,1.0,0,1,0b0m,0.3,0.0,sdfmilan073,b268731,0.2.18,0.2.15b1.dev14+b7aafcd1,3.12.12,discovery_sweep_probe
2026-09-20T05:10:10+00:00,edrixs,BENCH_BATCHED_5F,batched,h5py_plain,warm,1,0,20260920,2000,2000,96640000,50.03,39.98,1.9,1.0,0.029,glob+harvest,0.0,1.0,0,1,0b0m,0.1,0.0,sdfmilan073,b268731,0.2.18,0.2.15b1.dev14+b7aafcd1,3.12.12,
2026-09-20T05:14:21+00:00,edrixs,BENCH_BATCHED_5F,batched,h5py_plain,warm,1,0,20260920,10000,0,483200000,250.258,39.96,1.9,256.0,0.031,glob+harvest,0.0,1.0,0,1,0b0m,0.1,0.0,sdfmilan073,b268731,0.2.18,0.2.15b1.dev14+b7aafcd1,3.12.12,
2026-09-20T05:15:16+00:00,edrixs,BENCH_BATCHED_5F,batched,mode_a,warm,1,0,20260920,2000,2000,96640000,53.35,37.49,1.8,1.0,1.267,cached,0.0,1.0,0,1,0b0m,0.1,0.0,sdfmilan073,b268731,0.2.18,0.2.15b1.dev14+b7aafcd1,3.12.12,
2026-09-20T05:16:09+00:00,edrixs,BENCH_BATCHED_5F,batched,mode_a_cached,warm,1,0,20260920,2000,2000,96640000,50.535,39.58,1.9,1.0,1.019,cached,0.0,1.0,0,1,0b0m,0.1,0.0,sdfmilan073,b268731,0.2.18,0.2.15b1.dev14+b7aafcd1,3.12.12,
2026-09-20T05:20:21+00:00,edrixs,BENCH_BATCHED_5F,batched,mode_a_cached,warm,1,0,20260920,10000,0,483200000,250.206,39.97,1.9,256.0,0.962,cached,0.0,1.0,0,1,0b0m,0.1,0.0,sdfmilan073,b268731,0.2.18,0.2.15b1.dev14+b7aafcd1,3.12.12,
2026-09-20T05:21:13+00:00,edrixs,BENCH_BATCHED_5F,batched,h5py_plain,warm,1,0,20260921,2000,2000,96640000,50.614,39.52,1.9,1.0,0.029,glob+harvest,0.0,1.0,0,1,0b0m,0.1,0.0,sdfmilan073,b268731,0.2.18,0.2.15b1.dev14+b7aafcd1,3.12.12,
2026-09-20T05:25:21+00:00,edrixs,BENCH_BATCHED_5F,batched,h5py_plain,warm,1,0,20260921,10000,0,483200000,245.307,40.77,2.0,256.0,0.032,glob+harvest,0.0,1.0,0,1,0b0m,0.1,0.0,sdfmilan073,b268731,0.2.18,0.2.15b1.dev14+b7aafcd1,3.12.12,
2026-09-20T05:26:16+00:00,edrixs,BENCH_BATCHED_5F,batched,mode_a,warm,1,0,20260921,2000,2000,96640000,52.737,37.92,1.8,1.0,0.845,cached,0.0,1.0,0,1,0b0m,0.0,0.0,sdfmilan073,b268731,0.2.18,0.2.15b1.dev14+b7aafcd1,3.12.12,
2026-09-20T05:27:09+00:00,edrixs,BENCH_BATCHED_5F,batched,mode_a_cached,warm,1,0,20260921,2000,2000,96640000,50.749,39.41,1.9,1.0,1.12,cached,0.0,1.0,0,1,0b0m,0.1,0.0,sdfmilan073,b268731,0.2.18,0.2.15b1.dev14+b7aafcd1,3.12.12,
2026-09-20T05:31:26+00:00,edrixs,BENCH_BATCHED_5F,batched,mode_a_cached,warm,1,0,20260921,10000,0,483200000,255.203,39.18,1.9,256.0,0.853,cached,0.0,1.0,0,1,0b0m,0.1,0.0,sdfmilan073,b268731,0.2.18,0.2.15b1.dev14+b7aafcd1,3.12.12,
2026-09-20T05:32:16+00:00,edrixs,BENCH_BATCHED_5F,batched,h5py_plain,warm,1,0,20260922,2000,2000,96640000,49.855,40.12,1.9,1.0,0.024,glob+harvest,0.0,1.0,0,1,0b0m,0.0,0.0,sdfmilan073,b268731,0.2.18,0.2.15b1.dev14+b7aafcd1,3.12.12,
2026-09-20T05:36:36+00:00,edrixs,BENCH_BATCHED_5F,batched,h5py_plain,warm,1,0,20260922,10000,0,483200000,258.774,38.64,1.9,256.0,0.031,glob+harvest,0.0,1.0,0,1,0b0m,0.1,0.0,sdfmilan073,b268731,0.2.18,0.2.15b1.dev14+b7aafcd1,3.12.12,
2026-09-20T05:37:31+00:00,edrixs,BENCH_BATCHED_5F,batched,mode_a,warm,1,0,20260922,2000,2000,96640000,52.78,37.89,1.8,1.0,0.906,cached,0.0,1.0,0,1,0b0m,0.1,0.0,sdfmilan073,b268731,0.2.18,0.2.15b1.dev14+b7aafcd1,3.12.12,
2026-09-20T05:38:22+00:00,edrixs,BENCH_BATCHED_5F,batched,mode_a_cached,warm,1,0,20260922,2000,2000,96640000,49.224,40.63,2.0,1.0,0.855,cached,0.0,1.0,0,1,0b0m,0.0,0.0,sdfmilan073,b268731,0.2.18,0.2.15b1.dev14+b7aafcd1,3.12.12,
2026-09-20T05:42:38+00:00,edrixs,BENCH_BATCHED_5F,batched,mode_a_cached,warm,1,0,20260922,10000,0,483200000,254.713,39.26,1.9,256.0,0.877,cached,0.0,1.0,0,1,0b0m,0.1,0.0,sdfmilan073,b268731,0.2.18,0.2.15b1.dev14+b7aafcd1,3.12.12,
2026-09-20T05:43:30+00:00,edrixs,BENCH_BATCHED_5F,batched,h5py_plain,warm,1,0,20260923,2000,2000,96640000,51.056,39.17,1.9,1.0,0.023,glob+harvest,0.0,1.0,0,1,0b0m,0.1,0.0,sdfmilan073,b268731,0.2.18,0.2.15b1.dev14+b7aafcd1,3.12.12,
2026-09-20T05:47:39+00:00,edrixs,BENCH_BATCHED_5F,batched,h5py_plain,warm,1,0,20260923,10000,0,483200000,248.736,40.2,1.9,256.0,0.023,glob+harvest,0.0,1.0,0,1,0b0m,0.1,0.0,sdfmilan073,b268731,0.2.18,0.2.15b1.dev14+b7aafcd1,3.12.12,
2026-09-20T05:48:33+00:00,edrixs,BENCH_BATCHED_5F,batched,mode_a,warm,1,0,20260923,2000,2000,96640000,52.197,38.32,1.9,1.0,0.744,cached,0.0,1.0,0,1,0b0m,0.1,0.0,sdfmilan073,b268731,0.2.18,0.2.15b1.dev14+b7aafcd1,3.12.12,
2026-09-20T05:49:24+00:00,edrixs,BENCH_BATCHED_5F,batched,mode_a_cached,warm,1,0,20260923,2000,2000,96640000,49.586,40.33,1.9,1.0,0.7,cached,0.0,1.0,0,1,0b0m,0.1,0.0,sdfmilan073,b268731,0.2.18,0.2.15b1.dev14+b7aafcd1,3.12.12,
2026-09-20T05:53:49+00:00,edrixs,BENCH_BATCHED_5F,batched,mode_a_cached,warm,1,0,20260923,10000,0,483200000,263.201,37.99,1.8,256.0,0.715,cached,0.0,1.0,0,1,0b0m,0.0,0.0,sdfmilan073,b268731,0.2.18,0.2.15b1.dev14+b7aafcd1,3.12.12,
2026-09-20T05:54:41+00:00,edrixs,BENCH_BATCHED_5F,batched,h5py_plain,warm,1,0,20260924,2000,2000,96640000,51.201,39.06,1.9,1.0,0.023,glob+harvest,0.0,1.0,0,1,0b0m,0.1,0.0,sdfmilan073,b268731,0.2.18,0.2.15b1.dev14+b7aafcd1,3.12.12,
2026-09-20T05:58:53+00:00,edrixs,BENCH_BATCHED_5F,batched,h5py_plain,warm,1,0,20260924,10000,0,483200000,252.105,39.67,1.9,256.0,0.027,glob+harvest,0.0,1.0,0,1,0b0m,0.1,0.0,sdfmilan073,b268731,0.2.18,0.2.15b1.dev14+b7aafcd1,3.12.12,
2026-09-20T05:59:47+00:00,edrixs,BENCH_BATCHED_5F,batched,mode_a,warm,1,0,20260924,2000,2000,96640000,52.316,38.23,1.8,1.0,0.86,cached,0.0,1.0,0,1,0b0m,0.1,0.0,sdfmilan073,b268731,0.2.18,0.2.15b1.dev14+b7aafcd1,3.12.12,
2026-09-20T06:00:40+00:00,edrixs,BENCH_BATCHED_5F,batched,mode_a_cached,warm,1,0,20260924,2000,2000,96640000,51.235,39.04,1.9,1.0,0.758,cached,0.0,1.0,0,1,0b0m,0.1,0.0,sdfmilan073,b268731,0.2.18,0.2.15b1.dev14+b7aafcd1,3.12.12,
2026-09-20T06:04:58+00:00,edrixs,BENCH_BATCHED_5F,batched,mode_a_cached,warm,1,0,20260924,10000,0,483200000,256.143,39.04,1.9,256.0,0.749,cached,0.0,1.0,0,1,0b0m,0.1,0.0,sdfmilan073,b268731,0.2.18,0.2.15b1.dev14+b7aafcd1,3.12.12,
2026-09-20T06:05:50+00:00,edrixs,BENCH_BATCHED_5F,batched,h5py_plain,cold,1,0,20260920,2000,2000,96640000,50.669,39.47,1.9,1.0,0.023,glob+harvest,0.0,1.0,0,1,0b0m,0.0,0.0,sdfmilan073,b268731,0.2.18,0.2.15b1.dev14+b7aafcd1,3.12.12,
2026-09-20T06:09:56+00:00,edrixs,BENCH_BATCHED_5F,batched,h5py_plain,cold,1,0,20260920,10000,0,483200000,246.223,40.61,2.0,256.0,0.024,glob+harvest,0.0,1.0,0,1,0b0m,0.0,0.0,sdfmilan073,b268731,0.2.18,0.2.15b1.dev14+b7aafcd1,3.12.12,
2026-09-20T06:10:51+00:00,edrixs,BENCH_BATCHED_5F,batched,mode_a,cold,1,0,20260920,2000,2000,96640000,53.084,37.68,1.8,1.0,0.927,cached,0.0,1.0,0,1,0b0m,0.0,0.0,sdfmilan073,b268731,0.2.18,0.2.15b1.dev14+b7aafcd1,3.12.12,
2026-09-20T06:11:43+00:00,edrixs,BENCH_BATCHED_5F,batched,mode_a_cached,cold,1,0,20260920,2000,2000,96640000,49.679,40.26,1.9,1.0,0.984,cached,0.0,1.0,0,1,0b0m,0.0,0.0,sdfmilan073,b268731,0.2.18,0.2.15b1.dev14+b7aafcd1,3.12.12,
2026-09-20T06:16:08+00:00,edrixs,BENCH_BATCHED_5F,batched,mode_a_cached,cold,1,0,20260920,10000,0,483200000,263.021,38.02,1.8,256.0,0.988,cached,0.0,1.0,0,1,0b0m,0.0,0.0,sdfmilan073,b268731,0.2.18,0.2.15b1.dev14+b7aafcd1,3.12.12,
2026-09-20T06:16:59+00:00,edrixs,BENCH_BATCHED_5F,batched,h5py_plain,cold,1,0,20260921,2000,2000,96640000,49.969,40.02,1.9,1.0,0.028,glob+harvest,0.0,1.0,0,1,0b0m,0.0,0.0,sdfmilan073,b268731,0.2.18,0.2.15b1.dev14+b7aafcd1,3.12.12,
2026-09-20T06:21:03+00:00,edrixs,BENCH_BATCHED_5F,batched,h5py_plain,cold,1,0,20260921,10000,0,483200000,244.127,40.96,2.0,256.0,0.027,glob+harvest,0.0,1.0,0,1,0b0m,0.0,0.0,sdfmilan073,b268731,0.2.18,0.2.15b1.dev14+b7aafcd1,3.12.12,
2026-09-20T06:21:57+00:00,edrixs,BENCH_BATCHED_5F,batched,mode_a,cold,1,0,20260921,2000,2000,96640000,52.237,38.29,1.9,1.0,0.942,cached,0.0,1.0,0,1,0b0m,0.0,0.0,sdfmilan073,b268731,0.2.18,0.2.15b1.dev14+b7aafcd1,3.12.12,
2026-09-20T06:22:49+00:00,edrixs,BENCH_BATCHED_5F,batched,mode_a_cached,cold,1,0,20260921,2000,2000,96640000,49.304,40.56,2.0,1.0,0.873,cached,0.0,1.0,0,1,0b0m,0.0,0.1,sdfmilan073,b268731,0.2.18,0.2.15b1.dev14+b7aafcd1,3.12.12,
2026-09-20T06:27:01+00:00,edrixs,BENCH_BATCHED_5F,batched,mode_a_cached,cold,1,0,20260921,10000,0,483200000,251.006,39.84,1.9,256.0,0.816,cached,0.0,1.0,0,1,0b0m,0.0,0.0,sdfmilan073,b268731,0.2.18,0.2.15b1.dev14+b7aafcd1,3.12.12,
2026-09-20T06:27:54+00:00,edrixs,BENCH_BATCHED_5F,batched,h5py_plain,cold,1,0,20260922,2000,2000,96640000,51.997,38.46,1.9,1.0,0.035,glob+harvest,0.0,1.0,0,1,0b0m,0.0,0.0,sdfmilan073,b268731,0.2.18,0.2.15b1.dev14+b7aafcd1,3.12.12,
2026-09-20T06:32:06+00:00,edrixs,BENCH_BATCHED_5F,batched,h5py_plain,cold,1,0,20260922,10000,0,483200000,251.031,39.84,1.9,256.0,0.026,glob+harvest,0.0,1.0,0,1,0b0m,0.0,0.0,sdfmilan073,b268731,0.2.18,0.2.15b1.dev14+b7aafcd1,3.12.12,
2026-09-20T06:33:00+00:00,edrixs,BENCH_BATCHED_5F,batched,mode_a,cold,1,0,20260922,2000,2000,96640000,52.079,38.4,1.9,1.0,0.969,cached,0.0,1.0,0,1,0b0m,0.0,0.1,sdfmilan073,b268731,0.2.18,0.2.15b1.dev14+b7aafcd1,3.12.12,
2026-09-20T06:33:51+00:00,edrixs,BENCH_BATCHED_5F,batched,mode_a_cached,cold,1,0,20260922,2000,2000,96640000,49.785,40.17,1.9,1.0,0.916,cached,0.0,1.0,0,1,0b0m,0.0,0.0,sdfmilan073,b268731,0.2.18,0.2.15b1.dev14+b7aafcd1,3.12.12,
2026-09-20T06:38:00+00:00,edrixs,BENCH_BATCHED_5F,batched,mode_a_cached,cold,1,0,20260922,10000,0,483200000,247.628,40.38,2.0,256.0,0.792,cached,0.0,1.0,0,1,0b0m,0.0,0.0,sdfmilan073,b268731,0.2.18,0.2.15b1.dev14+b7aafcd1,3.12.12,
2026-09-20T06:38:27+00:00,edrixs,BENCH_BATCHED_5F,batched,h5py_plain,warm,2,0,20260920,2000,2000,96640000,25.948,77.08,3.7,1.0,0.025,glob+harvest,1.098,0.979,0,1,0b0m,0.0,0.0,sdfmilan073,b268731,0.2.18,0.2.15b1.dev14+b7aafcd1,3.12.12,
2026-09-20T06:40:38+00:00,edrixs,BENCH_BATCHED_5F,batched,h5py_plain,warm,2,0,20260920,10000,0,483200000,129.976,76.94,3.7,256.0,0.024,glob+harvest,1.608,0.994,0,1,0b0m,0.0,0.0,sdfmilan073,b268731,0.2.18,0.2.15b1.dev14+b7aafcd1,3.12.12,
2026-09-20T06:41:05+00:00,edrixs,BENCH_BATCHED_5F,batched,mode_a,warm,2,0,20260920,2000,2000,96640000,25.807,77.5,3.7,1.0,0.749,cached,0.177,0.997,0,1,0b0m,0.1,0.0,sdfmilan073,b268731,0.2.18,0.2.15b1.dev14+b7aafcd1,3.12.12,
2026-09-20T06:41:32+00:00,edrixs,BENCH_BATCHED_5F,batched,mode_a_cached,warm,2,0,20260920,2000,2000,96640000,25.181,79.43,3.8,1.0,0.774,cached,0.181,0.996,0,1,0b0m,0.0,0.0,sdfmilan073,b268731,0.2.18,0.2.15b1.dev14+b7aafcd1,3.12.12,
2026-09-20T06:43:51+00:00,edrixs,BENCH_BATCHED_5F,batched,mode_a_cached,warm,2,0,20260920,10000,0,483200000,137.934,72.5,3.5,256.0,0.761,cached,12.346,0.955,0,1,0b0m,0.1,0.0,sdfmilan073,b268731,0.2.18,0.2.15b1.dev14+b7aafcd1,3.12.12,
2026-09-20T06:44:18+00:00,edrixs,BENCH_BATCHED_5F,batched,h5py_plain,warm,2,0,20260921,2000,2000,96640000,25.845,77.38,3.7,1.0,0.025,glob+harvest,0.8,0.985,0,1,0b0m,0.1,0.0,sdfmilan073,b268731,0.2.18,0.2.15b1.dev14+b7aafcd1,3.12.12,
2026-09-20T06:46:23+00:00,edrixs,BENCH_BATCHED_5F,batched,h5py_plain,warm,2,0,20260921,10000,0,483200000,124.065,80.6,3.9,256.0,0.025,glob+harvest,0.883,0.996,0,1,0b0m,0.1,0.0,sdfmilan073,b268731,0.2.18,0.2.15b1.dev14+b7aafcd1,3.12.12,
2026-09-20T06:46:50+00:00,edrixs,BENCH_BATCHED_5F,batched,mode_a,warm,2,0,20260921,2000,2000,96640000,25.68,77.88,3.8,1.0,0.71,cached,0.07,0.999,0,1,0b0m,0.0,0.0,sdfmilan073,b268731,0.2.18,0.2.15b1.dev14+b7aafcd1,3.12.12,
2026-09-20T06:47:16+00:00,edrixs,BENCH_BATCHED_5F,batched,mode_a_cached,warm,2,0,20260921,2000,2000,96640000,24.776,80.72,3.9,1.0,0.721,cached,0.055,0.999,0,1,0b0m,0.0,0.0,sdfmilan073,b268731,0.2.18,0.2.15b1.dev14+b7aafcd1,3.12.12,
2026-09-20T06:49:23+00:00,edrixs,BENCH_BATCHED_5F,batched,mode_a_cached,warm,2,0,20260921,10000,0,483200000,125.29,79.81,3.9,256.0,0.81,cached,2.175,0.991,0,1,0b0m,0.1,0.0,sdfmilan073,b268731,0.2.18,0.2.15b1.dev14+b7aafcd1,3.12.12,
2026-09-20T06:49:49+00:00,edrixs,BENCH_BATCHED_5F,batched,h5py_plain,warm,2,0,20260922,2000,2000,96640000,24.87,80.42,3.9,1.0,0.023,glob+harvest,0.131,0.997,0,1,0b0m,0.0,0.0,sdfmilan073,b268731,0.2.18,0.2.15b1.dev14+b7aafcd1,3.12.12,
2026-09-20T06:51:58+00:00,edrixs,BENCH_BATCHED_5F,batched,h5py_plain,warm,2,0,20260922,10000,0,483200000,128.665,77.72,3.8,256.0,0.024,glob+harvest,4.978,0.981,0,1,0b0m,0.1,0.0,sdfmilan073,b268731,0.2.18,0.2.15b1.dev14+b7aafcd1,3.12.12,
2026-09-20T06:52:26+00:00,edrixs,BENCH_BATCHED_5F,batched,mode_a,warm,2,0,20260922,2000,2000,96640000,26.796,74.64,3.6,1.0,0.729,cached,1.083,0.98,0,1,0b0m,0.1,0.0,sdfmilan073,b268731,0.2.18,0.2.15b1.dev14+b7aafcd1,3.12.12,
2026-09-20T06:52:53+00:00,edrixs,BENCH_BATCHED_5F,batched,mode_a_cached,warm,2,0,20260922,2000,2000,96640000,24.979,80.07,3.9,1.0,0.732,cached,0.182,0.996,0,1,0b0m,0.1,0.0,sdfmilan073,b268731,0.2.18,0.2.15b1.dev14+b7aafcd1,3.12.12,
2026-09-20T06:55:08+00:00,edrixs,BENCH_BATCHED_5F,batched,mode_a_cached,warm,2,0,20260922,10000,0,483200000,133.2,75.08,3.6,256.0,0.744,cached,4.228,0.984,0,1,0b0m,0.1,0.0,sdfmilan073,b268731,0.2.18,0.2.15b1.dev14+b7aafcd1,3.12.12,
2026-09-20T06:55:33+00:00,edrixs,BENCH_BATCHED_5F,batched,h5py_plain,warm,2,0,20260923,2000,2000,96640000,24.919,80.26,3.9,1.0,0.025,glob+harvest,0.103,0.998,0,1,0b0m,0.0,0.0,sdfmilan073,b268731,0.2.18,0.2.15b1.dev14+b7aafcd1,3.12.12,
2026-09-20T06:57:38+00:00,edrixs,BENCH_BATCHED_5F,batched,h5py_plain,warm,2,0,20260923,10000,0,483200000,124.467,80.34,3.9,256.0,0.026,glob+harvest,1.118,0.996,0,1,0b0m,0.0,0.0,sdfmilan073,b268731,0.2.18,0.2.15b1.dev14+b7aafcd1,3.12.12,
2026-09-20T06:58:05+00:00,edrixs,BENCH_BATCHED_5F,batched,mode_a,warm,2,0,20260923,2000,2000,96640000,25.545,78.29,3.8,1.0,0.703,cached,0.411,0.992,0,1,0b0m,0.2,0.0,sdfmilan073,b268731,0.2.18,0.2.15b1.dev14+b7aafcd1,3.12.12,
2026-09-20T06:58:32+00:00,edrixs,BENCH_BATCHED_5F,batched,mode_a_cached,warm,2,0,20260923,2000,2000,96640000,24.767,80.75,3.9,1.0,0.85,cached,0.101,0.998,0,1,0b0m,0.0,0.0,sdfmilan073,b268731,0.2.18,0.2.15b1.dev14+b7aafcd1,3.12.12,
2026-09-20T07:00:42+00:00,edrixs,BENCH_BATCHED_5F,batched,mode_a_cached,warm,2,0,20260923,10000,0,483200000,128.775,77.65,3.8,256.0,0.875,cached,5.658,0.978,0,1,0b0m,0.0,0.0,sdfmilan073,b268731,0.2.18,0.2.15b1.dev14+b7aafcd1,3.12.12,
2026-09-20T07:01:08+00:00,edrixs,BENCH_BATCHED_5F,batched,h5py_plain,warm,2,0,20260924,2000,2000,96640000,25.427,78.66,3.8,1.0,0.024,glob+harvest,0.592,0.988,0,1,0b0m,0.0,0.0,sdfmilan073,b268731,0.2.18,0.2.15b1.dev14+b7aafcd1,3.12.12,
2026-09-20T07:03:19+00:00,edrixs,BENCH_BATCHED_5F,batched,h5py_plain,warm,2,0,20260924,10000,0,483200000,129.571,77.18,3.7,256.0,0.028,glob+harvest,5.281,0.98,0,1,0b0m,0.0,0.0,sdfmilan073,b268731,0.2.18,0.2.15b1.dev14+b7aafcd1,3.12.12,
2026-09-20T07:03:46+00:00,edrixs,BENCH_BATCHED_5F,batched,mode_a,warm,2,0,20260924,2000,2000,96640000,25.675,77.9,3.8,1.0,0.74,cached,0.303,0.994,0,1,0b0m,0.0,0.0,sdfmilan073,b268731,0.2.18,0.2.15b1.dev14+b7aafcd1,3.12.12,
2026-09-20T07:04:12+00:00,edrixs,BENCH_BATCHED_5F,batched,mode_a_cached,warm,2,0,20260924,2000,2000,96640000,24.895,80.34,3.9,1.0,0.691,cached,0.097,0.998,0,1,0b0m,0.0,0.0,sdfmilan073,b268731,0.2.18,0.2.15b1.dev14+b7aafcd1,3.12.12,
2026-09-20T07:06:28+00:00,edrixs,BENCH_BATCHED_5F,batched,mode_a_cached,warm,2,0,20260924,10000,0,483200000,134.362,74.43,3.6,256.0,0.737,cached,10.927,0.959,0,1,0b0m,0.0,0.0,sdfmilan073,b268731,0.2.18,0.2.15b1.dev14+b7aafcd1,3.12.12,
2026-09-20T07:06:54+00:00,edrixs,BENCH_BATCHED_5F,batched,h5py_plain,cold,2,0,20260920,2000,2000,96640000,25.163,79.48,3.8,1.0,0.026,glob+harvest,0.275,0.995,0,1,0b0m,0.0,0.0,sdfmilan073,b268731,0.2.18,0.2.15b1.dev14+b7aafcd1,3.12.12,
2026-09-20T07:08:58+00:00,edrixs,BENCH_BATCHED_5F,batched,h5py_plain,cold,2,0,20260920,10000,0,483200000,123.92,80.7,3.9,256.0,0.024,glob+harvest,0.694,0.997,0,1,0b0m,0.0,0.0,sdfmilan073,b268731,0.2.18,0.2.15b1.dev14+b7aafcd1,3.12.12,
2026-09-20T07:09:26+00:00,edrixs,BENCH_BATCHED_5F,batched,mode_a,cold,2,0,20260920,2000,2000,96640000,26.182,76.39,3.7,1.0,0.738,cached,0.486,0.991,0,1,0b0m,0.0,0.0,sdfmilan073,b268731,0.2.18,0.2.15b1.dev14+b7aafcd1,3.12.12,
2026-09-20T07:09:52+00:00,edrixs,BENCH_BATCHED_5F,batched,mode_a_cached,cold,2,0,20260920,2000,2000,96640000,25.021,79.93,3.9,1.0,0.716,cached,0.126,0.997,0,1,0b0m,0.0,0.0,sdfmilan073,b268731,0.2.18,0.2.15b1.dev14+b7aafcd1,3.12.12,
2026-09-20T07:11:59+00:00,edrixs,BENCH_BATCHED_5F,batched,mode_a_cached,cold,2,0,20260920,10000,0,483200000,125.005,80.0,3.9,256.0,0.713,cached,0.05,1.0,0,1,0b0m,0.0,0.0,sdfmilan073,b268731,0.2.18,0.2.15b1.dev14+b7aafcd1,3.12.12,
2026-09-20T07:12:24+00:00,edrixs,BENCH_BATCHED_5F,batched,h5py_plain,cold,2,0,20260921,2000,2000,96640000,25.078,79.75,3.9,1.0,0.024,glob+harvest,0.166,0.997,0,1,0b0m,0.0,0.0,sdfmilan073,b268731,0.2.18,0.2.15b1.dev14+b7aafcd1,3.12.12,
2026-09-20T07:14:36+00:00,edrixs,BENCH_BATCHED_5F,batched,h5py_plain,cold,2,0,20260921,10000,0,483200000,130.85,76.42,3.7,256.0,0.026,glob+harvest,4.609,0.982,0,1,0b0m,0.0,0.0,sdfmilan073,b268731,0.2.18,0.2.15b1.dev14+b7aafcd1,3.12.12,
2026-09-20T07:15:04+00:00,edrixs,BENCH_BATCHED_5F,batched,mode_a,cold,2,0,20260921,2000,2000,96640000,26.474,75.55,3.7,1.0,0.72,cached,0.86,0.984,0,1,0b0m,0.0,0.0,sdfmilan073,b268731,0.2.18,0.2.15b1.dev14+b7aafcd1,3.12.12,
2026-09-20T07:15:30+00:00,edrixs,BENCH_BATCHED_5F,batched,mode_a_cached,cold,2,0,20260921,2000,2000,96640000,25.115,79.63,3.8,1.0,0.732,cached,0.099,0.998,0,1,0b0m,0.0,0.0,sdfmilan073,b268731,0.2.18,0.2.15b1.dev14+b7aafcd1,3.12.12,
2026-09-20T07:17:41+00:00,edrixs,BENCH_BATCHED_5F,batched,mode_a_cached,cold,2,0,20260921,10000,0,483200000,128.689,77.71,3.8,256.0,0.696,cached,5.213,0.98,0,1,0b0m,0.0,0.0,sdfmilan073,b268731,0.2.18,0.2.15b1.dev14+b7aafcd1,3.12.12,
2026-09-20T07:18:08+00:00,edrixs,BENCH_BATCHED_5F,batched,h5py_plain,cold,2,0,20260922,2000,2000,96640000,26.57,75.27,3.6,1.0,0.025,glob+harvest,1.102,0.979,0,1,0b0m,0.0,0.0,sdfmilan073,b268731,0.2.18,0.2.15b1.dev14+b7aafcd1,3.12.12,
2026-09-20T07:20:14+00:00,edrixs,BENCH_BATCHED_5F,batched,h5py_plain,cold,2,0,20260922,10000,0,483200000,125.818,79.48,3.8,256.0,0.024,glob+harvest,2.199,0.991,0,1,0b0m,0.0,0.0,sdfmilan073,b268731,0.2.18,0.2.15b1.dev14+b7aafcd1,3.12.12,
2026-09-20T07:20:43+00:00,edrixs,BENCH_BATCHED_5F,batched,mode_a,cold,2,0,20260922,2000,2000,96640000,27.469,72.81,3.5,1.0,0.769,cached,1.179,0.979,0,1,0b0m,0.0,0.0,sdfmilan073,b268731,0.2.18,0.2.15b1.dev14+b7aafcd1,3.12.12,
2026-09-20T07:21:10+00:00,edrixs,BENCH_BATCHED_5F,batched,mode_a_cached,cold,2,0,20260922,2000,2000,96640000,25.174,79.45,3.8,1.0,0.753,cached,0.205,0.996,0,1,0b0m,0.0,0.0,sdfmilan073,b268731,0.2.18,0.2.15b1.dev14+b7aafcd1,3.12.12,
2026-09-20T07:23:19+00:00,edrixs,BENCH_BATCHED_5F,batched,mode_a_cached,cold,2,0,20260922,10000,0,483200000,127.266,78.58,3.8,256.0,0.716,cached,3.397,0.987,0,1,0b0m,0.0,0.0,sdfmilan073,b268731,0.2.18,0.2.15b1.dev14+b7aafcd1,3.12.12,
2026-09-20T07:23:32+00:00,edrixs,BENCH_BATCHED_5F,batched,h5py_plain,warm,4,0,20260920,2000,2000,96640000,13.036,153.42,7.4,1.0,0.024,glob+harvest,0.522,0.972,0,1,0b0m,0.0,0.0,sdfmilan073,b268731,0.2.18,0.2.15b1.dev14+b7aafcd1,3.12.12,
2026-09-20T07:24:35+00:00,edrixs,BENCH_BATCHED_5F,batched,h5py_plain,warm,4,0,20260920,10000,0,483200000,62.268,160.6,7.8,256.0,0.025,glob+harvest,0.261,0.998,0,1,0b0m,0.0,0.0,sdfmilan073,b268731,0.2.18,0.2.15b1.dev14+b7aafcd1,3.12.12,
2026-09-20T07:24:50+00:00,edrixs,BENCH_BATCHED_5F,batched,mode_a,warm,4,0,20260920,2000,2000,96640000,13.445,148.75,7.2,1.0,0.774,cached,0.579,0.969,0,1,0b0m,0.0,0.0,sdfmilan073,b268731,0.2.18,0.2.15b1.dev14+b7aafcd1,3.12.12,
2026-09-20T07:25:05+00:00,edrixs,BENCH_BATCHED_5F,batched,mode_a_cached,warm,4,0,20260920,2000,2000,96640000,12.965,154.27,7.5,1.0,0.708,cached,0.509,0.973,0,1,0b0m,0.1,0.0,sdfmilan073,b268731,0.2.18,0.2.15b1.dev14+b7aafcd1,3.12.12,
2026-09-20T07:26:09+00:00,edrixs,BENCH_BATCHED_5F,batched,mode_a_cached,warm,4,0,20260920,10000,0,483200000,62.324,160.45,7.8,256.0,0.765,cached,0.778,0.996,0,1,0b0m,0.1,0.0,sdfmilan073,b268731,0.2.18,0.2.15b1.dev14+b7aafcd1,3.12.12,
2026-09-20T07:26:22+00:00,edrixs,BENCH_BATCHED_5F,batched,h5py_plain,warm,4,0,20260921,2000,2000,96640000,12.657,158.02,7.6,1.0,0.023,glob+harvest,0.288,0.985,0,1,0b0m,0.0,0.0,sdfmilan073,b268731,0.2.18,0.2.15b1.dev14+b7aafcd1,3.12.12,
2026-09-20T07:27:25+00:00,edrixs,BENCH_BATCHED_5F,batched,h5py_plain,warm,4,0,20260921,10000,0,483200000,62.433,160.17,7.7,256.0,0.023,glob+harvest,1.195,0.994,0,1,0b0m,0.0,0.0,sdfmilan073,b268731,0.2.18,0.2.15b1.dev14+b7aafcd1,3.12.12,
2026-09-20T07:27:39+00:00,edrixs,BENCH_BATCHED_5F,batched,mode_a,warm,4,0,20260921,2000,2000,96640000,12.769,156.63,7.6,1.0,0.691,cached,0.065,0.998,0,1,0b0m,0.0,0.0,sdfmilan073,b268731,0.2.18,0.2.15b1.dev14+b7aafcd1,3.12.12,
2026-09-20T07:27:53+00:00,edrixs,BENCH_BATCHED_5F,batched,mode_a_cached,warm,4,0,20260921,2000,2000,96640000,12.332,162.18,7.8,1.0,0.714,cached,0.1,0.996,0,1,0b0m,0.0,0.0,sdfmilan073,b268731,0.2.18,0.2.15b1.dev14+b7aafcd1,3.12.12,
2026-09-20T07:29:04+00:00,edrixs,BENCH_BATCHED_5F,batched,mode_a_cached,warm,4,0,20260921,10000,0,483200000,69.337,144.22,7.0,256.0,0.668,cached,7.032,0.939,0,1,0b0m,0.0,0.0,sdfmilan073,b268731,0.2.18,0.2.15b1.dev14+b7aafcd1,3.12.12,
2026-09-20T07:29:17+00:00,edrixs,BENCH_BATCHED_5F,batched,h5py_plain,warm,4,0,20260922,2000,2000,96640000,12.917,154.84,7.5,1.0,0.026,glob+harvest,0.423,0.977,0,1,0b0m,0.0,0.0,sdfmilan073,b268731,0.2.18,0.2.15b1.dev14+b7aafcd1,3.12.12,
2026-09-20T07:30:23+00:00,edrixs,BENCH_BATCHED_5F,batched,h5py_plain,warm,4,0,20260922,10000,0,483200000,65.445,152.8,7.4,256.0,0.023,glob+harvest,3.751,0.962,0,1,0b0m,0.0,0.0,sdfmilan073,b268731,0.2.18,0.2.15b1.dev14+b7aafcd1,3.12.12,
2026-09-20T07:30:38+00:00,edrixs,BENCH_BATCHED_5F,batched,mode_a,warm,4,0,20260922,2000,2000,96640000,12.824,155.96,7.5,1.0,0.704,cached,0.111,0.996,0,1,0b0m,0.0,0.0,sdfmilan073,b268731,0.2.18,0.2.15b1.dev14+b7aafcd1,3.12.12,
2026-09-20T07:30:52+00:00,edrixs,BENCH_BATCHED_5F,batched,mode_a_cached,warm,4,0,20260922,2000,2000,96640000,12.57,159.11,7.7,1.0,0.716,cached,0.127,0.994,0,1,0b0m,0.1,0.0,sdfmilan073,b268731,0.2.18,0.2.15b1.dev14+b7aafcd1,3.12.12,
2026-09-20T07:32:01+00:00,edrixs,BENCH_BATCHED_5F,batched,mode_a_cached,warm,4,0,20260922,10000,0,483200000,67.541,148.06,7.2,256.0,0.687,cached,6.083,0.952,0,1,0b0m,0.0,0.0,sdfmilan073,b268731,0.2.18,0.2.15b1.dev14+b7aafcd1,3.12.12,
2026-09-20T07:32:14+00:00,edrixs,BENCH_BATCHED_5F,batched,h5py_plain,warm,4,0,20260923,2000,2000,96640000,12.486,160.18,7.7,1.0,0.024,glob+harvest,0.133,0.995,0,1,0b0m,0.0,0.0,sdfmilan073,b268731,0.2.18,0.2.15b1.dev14+b7aafcd1,3.12.12,
2026-09-20T07:33:20+00:00,edrixs,BENCH_BATCHED_5F,batched,h5py_plain,warm,4,0,20260923,10000,0,483200000,65.426,152.84,7.4,256.0,0.024,glob+harvest,2.785,0.97,0,1,0b0m,0.0,0.0,sdfmilan073,b268731,0.2.18,0.2.15b1.dev14+b7aafcd1,3.12.12,
2026-09-20T07:33:34+00:00,edrixs,BENCH_BATCHED_5F,batched,mode_a,warm,4,0,20260923,2000,2000,96640000,12.885,155.22,7.5,1.0,0.706,cached,0.253,0.988,0,1,0b0m,0.0,0.0,sdfmilan073,b268731,0.2.18,0.2.15b1.dev14+b7aafcd1,3.12.12,
2026-09-20T07:33:49+00:00,edrixs,BENCH_BATCHED_5F,batched,mode_a_cached,warm,4,0,20260923,2000,2000,96640000,12.629,158.37,7.7,1.0,0.719,cached,0.194,0.994,0,1,0b0m,0.0,0.0,sdfmilan073,b268731,0.2.18,0.2.15b1.dev14+b7aafcd1,3.12.12,
2026-09-20T07:34:50+00:00,edrixs,BENCH_BATCHED_5F,batched,mode_a_cached,warm,4,0,20260923,10000,0,483200000,60.538,165.19,8.0,256.0,0.69,cached,0.317,0.998,0,1,0b0m,0.0,0.0,sdfmilan073,b268731,0.2.18,0.2.15b1.dev14+b7aafcd1,3.12.12,
2026-09-20T07:35:03+00:00,edrixs,BENCH_BATCHED_5F,batched,h5py_plain,warm,4,0,20260924,2000,2000,96640000,12.412,161.14,7.8,1.0,0.023,glob+harvest,0.128,0.996,0,1,0b0m,0.0,0.0,sdfmilan073,b268731,0.2.18,0.2.15b1.dev14+b7aafcd1,3.12.12,
2026-09-20T07:36:11+00:00,edrixs,BENCH_BATCHED_5F,batched,h5py_plain,warm,4,0,20260924,10000,0,483200000,67.003,149.25,7.2,256.0,0.025,glob+harvest,4.92,0.962,0,1,0b0m,0.0,0.0,sdfmilan073,b268731,0.2.18,0.2.15b1.dev14+b7aafcd1,3.12.12,
2026-09-20T07:36:25+00:00,edrixs,BENCH_BATCHED_5F,batched,mode_a,warm,4,0,20260924,2000,2000,96640000,12.884,155.23,7.5,1.0,0.706,cached,0.238,0.988,0,1,0b0m,0.0,0.0,sdfmilan073,b268731,0.2.18,0.2.15b1.dev14+b7aafcd1,3.12.12,
2026-09-20T07:36:39+00:00,edrixs,BENCH_BATCHED_5F,batched,mode_a_cached,warm,4,0,20260924,2000,2000,96640000,12.482,160.23,7.7,1.0,0.698,cached,0.109,0.997,0,1,0b0m,0.0,0.0,sdfmilan073,b268731,0.2.18,0.2.15b1.dev14+b7aafcd1,3.12.12,
2026-09-20T07:37:49+00:00,edrixs,BENCH_BATCHED_5F,batched,mode_a_cached,warm,4,0,20260924,10000,0,483200000,68.094,146.86,7.1,256.0,0.701,cached,6.004,0.939,0,1,0b0m,0.0,0.0,sdfmilan073,b268731,0.2.18,0.2.15b1.dev14+b7aafcd1,3.12.12,
2026-09-20T07:38:03+00:00,edrixs,BENCH_BATCHED_5F,batched,h5py_plain,cold,4,0,20260920,2000,2000,96640000,13.237,151.09,7.3,1.0,0.035,glob+harvest,0.727,0.963,0,1,0b0m,0.0,0.0,sdfmilan073,b268731,0.2.18,0.2.15b1.dev14+b7aafcd1,3.12.12,
2026-09-20T07:39:07+00:00,edrixs,BENCH_BATCHED_5F,batched,h5py_plain,cold,4,0,20260920,10000,0,483200000,63.43,157.65,7.6,256.0,0.026,glob+harvest,1.474,0.986,0,1,0b0m,0.0,0.0,sdfmilan073,b268731,0.2.18,0.2.15b1.dev14+b7aafcd1,3.12.12,
2026-09-20T07:39:22+00:00,edrixs,BENCH_BATCHED_5F,batched,mode_a,cold,4,0,20260920,2000,2000,96640000,13.451,148.69,7.2,1.0,0.813,cached,0.682,0.969,0,1,0b0m,0.0,0.1,sdfmilan073,b268731,0.2.18,0.2.15b1.dev14+b7aafcd1,3.12.12,
2026-09-20T07:39:37+00:00,edrixs,BENCH_BATCHED_5F,batched,mode_a_cached,cold,4,0,20260920,2000,2000,96640000,13.458,148.61,7.2,1.0,0.693,cached,0.913,0.955,0,1,0b0m,0.0,0.0,sdfmilan073,b268731,0.2.18,0.2.15b1.dev14+b7aafcd1,3.12.12,
2026-09-20T07:40:41+00:00,edrixs,BENCH_BATCHED_5F,batched,mode_a_cached,cold,4,0,20260920,10000,0,483200000,63.392,157.75,7.6,256.0,0.695,cached,1.643,0.985,0,1,0b0m,0.0,0.0,sdfmilan073,b268731,0.2.18,0.2.15b1.dev14+b7aafcd1,3.12.12,
2026-09-20T07:40:55+00:00,edrixs,BENCH_BATCHED_5F,batched,h5py_plain,cold,4,0,20260921,2000,2000,96640000,12.574,159.06,7.7,1.0,0.024,glob+harvest,0.157,0.995,0,1,0b0m,0.0,0.0,sdfmilan073,b268731,0.2.18,0.2.15b1.dev14+b7aafcd1,3.12.12,
2026-09-20T07:41:59+00:00,edrixs,BENCH_BATCHED_5F,batched,h5py_plain,cold,4,0,20260921,10000,0,483200000,63.137,158.39,7.7,256.0,0.022,glob+harvest,1.433,0.993,0,1,0b0m,0.0,0.0,sdfmilan073,b268731,0.2.18,0.2.15b1.dev14+b7aafcd1,3.12.12,
2026-09-20T07:42:14+00:00,edrixs,BENCH_BATCHED_5F,batched,mode_a,cold,4,0,20260921,2000,2000,96640000,13.389,149.38,7.2,1.0,0.917,cached,0.504,0.985,0,1,0b0m,0.0,0.1,sdfmilan073,b268731,0.2.18,0.2.15b1.dev14+b7aafcd1,3.12.12,
2026-09-20T07:42:30+00:00,edrixs,BENCH_BATCHED_5F,batched,mode_a_cached,cold,4,0,20260921,2000,2000,96640000,13.346,149.86,7.2,1.0,1.162,cached,0.747,0.963,0,1,0b0m,0.0,0.1,sdfmilan073,b268731,0.2.18,0.2.15b1.dev14+b7aafcd1,3.12.12,
2026-09-20T07:43:40+00:00,edrixs,BENCH_BATCHED_5F,batched,mode_a_cached,cold,4,0,20260921,10000,0,483200000,68.0,147.06,7.1,256.0,1.011,cached,5.98,0.947,0,1,0b0m,0.0,0.0,sdfmilan073,b268731,0.2.18,0.2.15b1.dev14+b7aafcd1,3.12.12,
2026-09-20T07:43:55+00:00,edrixs,BENCH_BATCHED_5F,batched,h5py_plain,cold,4,0,20260922,2000,2000,96640000,12.986,154.02,7.4,1.0,0.026,glob+harvest,0.426,0.981,0,1,0b0m,0.0,0.0,sdfmilan073,b268731,0.2.18,0.2.15b1.dev14+b7aafcd1,3.12.12,
2026-09-20T07:45:02+00:00,edrixs,BENCH_BATCHED_5F,batched,h5py_plain,cold,4,0,20260922,10000,0,483200000,65.691,152.23,7.4,256.0,0.03,glob+harvest,3.164,0.967,0,1,0b0m,0.0,0.0,sdfmilan073,b268731,0.2.18,0.2.15b1.dev14+b7aafcd1,3.12.12,
2026-09-20T07:45:18+00:00,edrixs,BENCH_BATCHED_5F,batched,mode_a,cold,4,0,20260922,2000,2000,96640000,14.147,141.37,6.8,1.0,1.398,cached,1.089,0.944,0,1,0b0m,0.0,0.0,sdfmilan073,b268731,0.2.18,0.2.15b1.dev14+b7aafcd1,3.12.12,
2026-09-20T07:45:33+00:00,edrixs,BENCH_BATCHED_5F,batched,mode_a_cached,cold,4,0,20260922,2000,2000,96640000,12.979,154.09,7.4,1.0,0.907,cached,0.655,0.97,0,1,0b0m,0.0,0.0,sdfmilan073,b268731,0.2.18,0.2.15b1.dev14+b7aafcd1,3.12.12,
2026-09-20T07:46:43+00:00,edrixs,BENCH_BATCHED_5F,batched,mode_a_cached,cold,4,0,20260922,10000,0,483200000,67.532,148.08,7.2,256.0,0.977,cached,4.894,0.972,0,1,0b0m,0.0,0.0,sdfmilan073,b268731,0.2.18,0.2.15b1.dev14+b7aafcd1,3.12.12,
2026-09-20T07:46:50+00:00,edrixs,BENCH_BATCHED_5F,batched,h5py_plain,warm,8,0,20260920,2000,2000,96640000,6.386,313.18,15.1,1.0,0.027,glob+harvest,0.159,0.984,0,1,0b0m,0.0,0.0,sdfmilan073,b268731,0.2.18,0.2.15b1.dev14+b7aafcd1,3.12.12,
2026-09-20T07:47:24+00:00,edrixs,BENCH_BATCHED_5F,batched,h5py_plain,warm,8,0,20260920,10000,0,483200000,33.436,299.08,14.5,256.0,0.026,glob+harvest,1.854,0.96,0,1,0b0m,0.1,0.0,sdfmilan073,b268731,0.2.18,0.2.15b1.dev14+b7aafcd1,3.12.12,
2026-09-20T07:47:32+00:00,edrixs,BENCH_BATCHED_5F,batched,mode_a,warm,8,0,20260920,2000,2000,96640000,6.76,295.88,14.3,1.0,0.713,cached,0.352,0.962,0,1,0b0m,0.2,0.0,sdfmilan073,b268731,0.2.18,0.2.15b1.dev14+b7aafcd1,3.12.12,
2026-09-20T07:47:40+00:00,edrixs,BENCH_BATCHED_5F,batched,mode_a_cached,warm,8,0,20260920,2000,2000,96640000,6.467,309.25,14.9,1.0,0.915,cached,0.177,0.982,0,1,0b0m,0.1,0.0,sdfmilan073,b268731,0.2.18,0.2.15b1.dev14+b7aafcd1,3.12.12,
2026-09-20T07:48:15+00:00,edrixs,BENCH_BATCHED_5F,batched,mode_a_cached,warm,8,0,20260920,10000,0,483200000,33.325,300.07,14.5,256.0,0.676,cached,2.307,0.958,0,1,0b0m,0.1,0.0,sdfmilan073,b268731,0.2.18,0.2.15b1.dev14+b7aafcd1,3.12.12,
2026-09-20T07:48:22+00:00,edrixs,BENCH_BATCHED_5F,batched,h5py_plain,warm,8,0,20260921,2000,2000,96640000,6.472,309.03,14.9,1.0,0.025,glob+harvest,0.214,0.98,0,1,0b0m,0.1,0.0,sdfmilan073,b268731,0.2.18,0.2.15b1.dev14+b7aafcd1,3.12.12,
2026-09-20T07:48:57+00:00,edrixs,BENCH_BATCHED_5F,batched,h5py_plain,warm,8,0,20260921,10000,0,483200000,33.8,295.86,14.3,256.0,0.025,glob+harvest,2.766,0.935,0,1,0b0m,0.1,0.0,sdfmilan073,b268731,0.2.18,0.2.15b1.dev14+b7aafcd1,3.12.12,
2026-09-20T07:49:05+00:00,edrixs,BENCH_BATCHED_5F,batched,mode_a,warm,8,0,20260921,2000,2000,96640000,6.781,294.92,14.3,1.0,0.772,cached,0.362,0.969,0,1,0b0m,0.2,0.0,sdfmilan073,b268731,0.2.18,0.2.15b1.dev14+b7aafcd1,3.12.12,
2026-09-20T07:49:13+00:00,edrixs,BENCH_BATCHED_5F,batched,mode_a_cached,warm,8,0,20260921,2000,2000,96640000,6.431,311.0,15.0,1.0,0.725,cached,0.184,0.982,0,1,0b0m,0.1,0.0,sdfmilan073,b268731,0.2.18,0.2.15b1.dev14+b7aafcd1,3.12.12,
2026-09-20T07:49:48+00:00,edrixs,BENCH_BATCHED_5F,batched,mode_a_cached,warm,8,0,20260921,10000,0,483200000,33.078,302.31,14.6,256.0,0.679,cached,1.88,0.963,0,1,0b0m,0.0,0.0,sdfmilan073,b268731,0.2.18,0.2.15b1.dev14+b7aafcd1,3.12.12,
2026-09-20T07:49:55+00:00,edrixs,BENCH_BATCHED_5F,batched,h5py_plain,warm,8,0,20260922,2000,2000,96640000,6.773,295.28,14.3,1.0,0.023,glob+harvest,0.428,0.953,0,1,0b0m,0.0,0.0,sdfmilan073,b268731,0.2.18,0.2.15b1.dev14+b7aafcd1,3.12.12,
2026-09-20T07:50:29+00:00,edrixs,BENCH_BATCHED_5F,batched,h5py_plain,warm,8,0,20260922,10000,0,483200000,33.298,300.32,14.5,256.0,0.024,glob+harvest,1.757,0.971,0,1,0b0m,0.0,0.0,sdfmilan073,b268731,0.2.18,0.2.15b1.dev14+b7aafcd1,3.12.12,
2026-09-20T07:50:37+00:00,edrixs,BENCH_BATCHED_5F,batched,mode_a,warm,8,0,20260922,2000,2000,96640000,6.762,295.76,14.3,1.0,0.721,cached,0.348,0.968,0,1,0b0m,0.0,0.0,sdfmilan073,b268731,0.2.18,0.2.15b1.dev14+b7aafcd1,3.12.12,
2026-09-20T07:50:45+00:00,edrixs,BENCH_BATCHED_5F,batched,mode_a_cached,warm,8,0,20260922,2000,2000,96640000,6.302,317.38,15.3,1.0,0.739,cached,0.069,0.995,0,1,0b0m,0.1,0.0,sdfmilan073,b268731,0.2.18,0.2.15b1.dev14+b7aafcd1,3.12.12,
2026-09-20T07:51:19+00:00,edrixs,BENCH_BATCHED_5F,batched,mode_a_cached,warm,8,0,20260922,10000,0,483200000,32.919,303.78,14.7,256.0,0.719,cached,1.965,0.96,0,1,0b0m,0.0,0.0,sdfmilan073,b268731,0.2.18,0.2.15b1.dev14+b7aafcd1,3.12.12,
2026-09-20T07:51:26+00:00,edrixs,BENCH_BATCHED_5F,batched,h5py_plain,warm,8,0,20260923,2000,2000,96640000,6.315,316.72,15.3,1.0,0.024,glob+harvest,0.067,0.994,0,1,0b0m,0.0,0.0,sdfmilan073,b268731,0.2.18,0.2.15b1.dev14+b7aafcd1,3.12.12,
2026-09-20T07:52:01+00:00,edrixs,BENCH_BATCHED_5F,batched,h5py_plain,warm,8,0,20260923,10000,0,483200000,33.853,295.4,14.3,256.0,0.024,glob+harvest,2.886,0.934,0,1,0b0m,0.0,0.0,sdfmilan073,b268731,0.2.18,0.2.15b1.dev14+b7aafcd1,3.12.12,
2026-09-20T07:52:09+00:00,edrixs,BENCH_BATCHED_5F,batched,mode_a,warm,8,0,20260923,2000,2000,96640000,6.734,296.99,14.4,1.0,0.76,cached,0.346,0.961,0,1,0b0m,0.0,0.0,sdfmilan073,b268731,0.2.18,0.2.15b1.dev14+b7aafcd1,3.12.12,
2026-09-20T07:52:17+00:00,edrixs,BENCH_BATCHED_5F,batched,mode_a_cached,warm,8,0,20260923,2000,2000,96640000,6.319,316.49,15.3,1.0,0.7,cached,0.105,0.992,0,1,0b0m,0.0,0.0,sdfmilan073,b268731,0.2.18,0.2.15b1.dev14+b7aafcd1,3.12.12,
2026-09-20T07:52:53+00:00,edrixs,BENCH_BATCHED_5F,batched,mode_a_cached,warm,8,0,20260923,10000,0,483200000,34.846,286.98,13.9,256.0,0.85,cached,3.398,0.935,0,1,0b0m,0.0,0.0,sdfmilan073,b268731,0.2.18,0.2.15b1.dev14+b7aafcd1,3.12.12,
2026-09-20T07:53:01+00:00,edrixs,BENCH_BATCHED_5F,batched,h5py_plain,warm,8,0,20260924,2000,2000,96640000,6.6,303.03,14.6,1.0,0.027,glob+harvest,0.263,0.97,0,1,0b0m,0.0,0.0,sdfmilan073,b268731,0.2.18,0.2.15b1.dev14+b7aafcd1,3.12.12,
2026-09-20T07:53:35+00:00,edrixs,BENCH_BATCHED_5F,batched,h5py_plain,warm,8,0,20260924,10000,0,483200000,33.519,298.34,14.4,256.0,0.025,glob+harvest,2.421,0.941,0,1,0b0m,0.1,0.0,sdfmilan073,b268731,0.2.18,0.2.15b1.dev14+b7aafcd1,3.12.12,
2026-09-20T07:53:43+00:00,edrixs,BENCH_BATCHED_5F,batched,mode_a,warm,8,0,20260924,2000,2000,96640000,6.763,295.72,14.3,1.0,0.7,cached,0.337,0.968,0,1,0b0m,0.2,0.0,sdfmilan073,b268731,0.2.18,0.2.15b1.dev14+b7aafcd1,3.12.12,
2026-09-20T07:53:51+00:00,edrixs,BENCH_BATCHED_5F,batched,mode_a_cached,warm,8,0,20260924,2000,2000,96640000,6.517,306.89,14.8,1.0,0.734,cached,0.23,0.972,0,1,0b0m,0.0,0.0,sdfmilan073,b268731,0.2.18,0.2.15b1.dev14+b7aafcd1,3.12.12,
2026-09-20T07:54:27+00:00,edrixs,BENCH_BATCHED_5F,batched,mode_a_cached,warm,8,0,20260924,10000,0,483200000,34.597,289.04,14.0,256.0,0.874,cached,3.136,0.949,0,1,0b0m,0.0,0.0,sdfmilan073,b268731,0.2.18,0.2.15b1.dev14+b7aafcd1,3.12.12,
2026-09-20T07:54:35+00:00,edrixs,BENCH_BATCHED_5F,batched,h5py_plain,cold,8,0,20260920,2000,2000,96640000,6.708,298.17,14.4,1.0,0.023,glob+harvest,0.358,0.957,0,1,0b0m,0.0,0.0,sdfmilan073,b268731,0.2.18,0.2.15b1.dev14+b7aafcd1,3.12.12,
2026-09-20T07:55:08+00:00,edrixs,BENCH_BATCHED_5F,batched,h5py_plain,cold,8,0,20260920,10000,0,483200000,32.834,304.56,14.7,256.0,0.023,glob+harvest,1.269,0.975,0,1,0b0m,0.0,0.0,sdfmilan073,b268731,0.2.18,0.2.15b1.dev14+b7aafcd1,3.12.12,
2026-09-20T07:55:17+00:00,edrixs,BENCH_BATCHED_5F,batched,mode_a,cold,8,0,20260920,2000,2000,96640000,6.911,289.39,14.0,1.0,0.734,cached,0.288,0.969,0,1,0b0m,0.0,0.0,sdfmilan073,b268731,0.2.18,0.2.15b1.dev14+b7aafcd1,3.12.12,
2026-09-20T07:55:25+00:00,edrixs,BENCH_BATCHED_5F,batched,mode_a_cached,cold,8,0,20260920,2000,2000,96640000,6.567,304.56,14.7,1.0,0.715,cached,0.256,0.976,0,1,0b0m,0.0,0.0,sdfmilan073,b268731,0.2.18,0.2.15b1.dev14+b7aafcd1,3.12.12,
2026-09-20T07:55:59+00:00,edrixs,BENCH_BATCHED_5F,batched,mode_a_cached,cold,8,0,20260920,10000,0,483200000,32.662,306.17,14.8,256.0,0.689,cached,1.602,0.962,0,1,0b0m,0.0,0.0,sdfmilan073,b268731,0.2.18,0.2.15b1.dev14+b7aafcd1,3.12.12,
2026-09-20T07:56:06+00:00,edrixs,BENCH_BATCHED_5F,batched,h5py_plain,cold,8,0,20260921,2000,2000,96640000,6.527,306.43,14.8,1.0,0.024,glob+harvest,0.276,0.974,0,1,0b0m,0.0,0.0,sdfmilan073,b268731,0.2.18,0.2.15b1.dev14+b7aafcd1,3.12.12,
2026-09-20T07:56:39+00:00,edrixs,BENCH_BATCHED_5F,batched,h5py_plain,cold,8,0,20260921,10000,0,483200000,32.946,303.53,14.7,256.0,0.023,glob+harvest,1.718,0.97,0,1,0b0m,0.0,0.0,sdfmilan073,b268731,0.2.18,0.2.15b1.dev14+b7aafcd1,3.12.12,
2026-09-20T07:56:47+00:00,edrixs,BENCH_BATCHED_5F,batched,mode_a,cold,8,0,20260921,2000,2000,96640000,6.688,299.02,14.4,1.0,0.717,cached,0.244,0.976,0,1,0b0m,0.0,0.0,sdfmilan073,b268731,0.2.18,0.2.15b1.dev14+b7aafcd1,3.12.12,
2026-09-20T07:56:56+00:00,edrixs,BENCH_BATCHED_5F,batched,mode_a_cached,cold,8,0,20260921,2000,2000,96640000,6.724,297.44,14.4,1.0,0.733,cached,0.358,0.968,0,1,0b0m,0.0,0.0,sdfmilan073,b268731,0.2.18,0.2.15b1.dev14+b7aafcd1,3.12.12,
2026-09-20T07:57:30+00:00,edrixs,BENCH_BATCHED_5F,batched,mode_a_cached,cold,8,0,20260921,10000,0,483200000,32.878,304.16,14.7,256.0,0.701,cached,1.605,0.963,0,1,0b0m,0.0,0.0,sdfmilan073,b268731,0.2.18,0.2.15b1.dev14+b7aafcd1,3.12.12,
2026-09-20T07:57:37+00:00,edrixs,BENCH_BATCHED_5F,batched,h5py_plain,cold,8,0,20260922,2000,2000,96640000,6.637,301.32,14.6,1.0,0.025,glob+harvest,0.284,0.971,0,1,0b0m,0.0,0.0,sdfmilan073,b268731,0.2.18,0.2.15b1.dev14+b7aafcd1,3.12.12,
2026-09-20T07:58:11+00:00,edrixs,BENCH_BATCHED_5F,batched,h5py_plain,cold,8,0,20260922,10000,0,483200000,32.965,303.35,14.7,256.0,0.024,glob+harvest,1.697,0.963,0,1,0b0m,0.0,0.0,sdfmilan073,b268731,0.2.18,0.2.15b1.dev14+b7aafcd1,3.12.12,
2026-09-20T07:58:19+00:00,edrixs,BENCH_BATCHED_5F,batched,mode_a,cold,8,0,20260922,2000,2000,96640000,6.688,299.06,14.5,1.0,0.791,cached,0.295,0.974,0,1,0b0m,0.0,0.0,sdfmilan073,b268731,0.2.18,0.2.15b1.dev14+b7aafcd1,3.12.12,
2026-09-20T07:58:27+00:00,edrixs,BENCH_BATCHED_5F,batched,mode_a_cached,cold,8,0,20260922,2000,2000,96640000,6.755,296.09,14.3,1.0,0.681,cached,0.351,0.966,0,1,0b0m,0.0,0.0,sdfmilan073,b268731,0.2.18,0.2.15b1.dev14+b7aafcd1,3.12.12,
2026-09-20T07:59:04+00:00,edrixs,BENCH_BATCHED_5F,batched,mode_a_cached,cold,8,0,20260922,10000,0,483200000,35.095,284.94,13.8,256.0,0.671,cached,3.542,0.927,0,1,0b0m,0.0,0.0,sdfmilan073,b268731,0.2.18,0.2.15b1.dev14+b7aafcd1,3.12.12,
2026-09-20T07:59:08+00:00,edrixs,BENCH_BATCHED_5F,batched,h5py_plain,warm,16,0,20260920,2000,2000,96640000,3.305,605.11,29.2,1.0,0.027,glob+harvest,0.142,0.974,0,1,0b0m,0.0,0.0,sdfmilan073,b268731,0.2.18,0.2.15b1.dev14+b7aafcd1,3.12.12,
2026-09-20T07:59:26+00:00,edrixs,BENCH_BATCHED_5F,batched,h5py_plain,warm,16,0,20260920,10000,0,483200000,17.088,585.19,28.3,256.0,0.023,glob+harvest,1.277,0.942,0,1,0b0m,0.1,0.0,sdfmilan073,b268731,0.2.18,0.2.15b1.dev14+b7aafcd1,3.12.12,
2026-09-20T07:59:30+00:00,edrixs,BENCH_BATCHED_5F,batched,mode_a,warm,16,0,20260920,2000,2000,96640000,3.31,604.15,29.2,1.0,0.668,cached,0.124,0.978,0,1,0b0m,0.0,0.0,sdfmilan073,b268731,0.2.18,0.2.15b1.dev14+b7aafcd1,3.12.12,
2026-09-20T07:59:35+00:00,edrixs,BENCH_BATCHED_5F,batched,mode_a_cached,warm,16,0,20260920,2000,2000,96640000,3.268,612.02,29.6,1.0,0.663,cached,0.099,0.985,0,1,0b0m,0.0,0.0,sdfmilan073,b268731,0.2.18,0.2.15b1.dev14+b7aafcd1,3.12.12,
2026-09-20T07:59:54+00:00,edrixs,BENCH_BATCHED_5F,batched,mode_a_cached,warm,16,0,20260920,10000,0,483200000,17.022,587.48,28.4,256.0,0.825,cached,1.259,0.952,0,1,0b0m,0.1,0.0,sdfmilan073,b268731,0.2.18,0.2.15b1.dev14+b7aafcd1,3.12.12,
2026-09-20T07:59:58+00:00,edrixs,BENCH_BATCHED_5F,batched,h5py_plain,warm,16,0,20260921,2000,2000,96640000,3.353,596.54,28.8,1.0,0.027,glob+harvest,0.162,0.968,0,1,0b0m,0.0,0.0,sdfmilan073,b268731,0.2.18,0.2.15b1.dev14+b7aafcd1,3.12.12,
2026-09-20T08:00:16+00:00,edrixs,BENCH_BATCHED_5F,batched,h5py_plain,warm,16,0,20260921,10000,0,483200000,17.203,581.31,28.1,256.0,0.024,glob+harvest,1.317,0.941,0,1,0b0m,0.1,0.0,sdfmilan073,b268731,0.2.18,0.2.15b1.dev14+b7aafcd1,3.12.12,
2026-09-20T08:00:20+00:00,edrixs,BENCH_BATCHED_5F,batched,mode_a,warm,16,0,20260921,2000,2000,96640000,3.295,607.02,29.3,1.0,0.708,cached,0.091,0.984,0,1,0b0m,0.0,0.0,sdfmilan073,b268731,0.2.18,0.2.15b1.dev14+b7aafcd1,3.12.12,
2026-09-20T08:00:25+00:00,edrixs,BENCH_BATCHED_5F,batched,mode_a_cached,warm,16,0,20260921,2000,2000,96640000,3.255,614.52,29.7,1.0,0.705,cached,0.089,0.986,0,1,0b0m,0.1,0.0,sdfmilan073,b268731,0.2.18,0.2.15b1.dev14+b7aafcd1,3.12.12,
2026-09-20T08:00:43+00:00,edrixs,BENCH_BATCHED_5F,batched,mode_a_cached,warm,16,0,20260921,10000,0,483200000,16.656,600.39,29.0,256.0,0.691,cached,1.026,0.965,0,1,0b0m,0.1,0.0,sdfmilan073,b268731,0.2.18,0.2.15b1.dev14+b7aafcd1,3.12.12,
2026-09-20T08:00:47+00:00,edrixs,BENCH_BATCHED_5F,batched,h5py_plain,warm,16,0,20260922,2000,2000,96640000,3.312,603.88,29.2,1.0,0.023,glob+harvest,0.126,0.974,0,1,0b0m,0.0,0.0,sdfmilan073,b268731,0.2.18,0.2.15b1.dev14+b7aafcd1,3.12.12,
2026-09-20T08:01:04+00:00,edrixs,BENCH_BATCHED_5F,batched,h5py_plain,warm,16,0,20260922,10000,0,483200000,16.237,615.87,29.8,256.0,0.023,glob+harvest,0.397,0.987,0,1,0b0m,0.1,0.0,sdfmilan073,b268731,0.2.18,0.2.15b1.dev14+b7aafcd1,3.12.12,
2026-09-20T08:01:09+00:00,edrixs,BENCH_BATCHED_5F,batched,mode_a,warm,16,0,20260922,2000,2000,96640000,3.313,603.7,29.2,1.0,0.883,cached,0.092,0.984,0,1,0b0m,0.1,0.0,sdfmilan073,b268731,0.2.18,0.2.15b1.dev14+b7aafcd1,3.12.12,
2026-09-20T08:01:14+00:00,edrixs,BENCH_BATCHED_5F,batched,mode_a_cached,warm,16,0,20260922,2000,2000,96640000,3.258,613.86,29.7,1.0,0.739,cached,0.076,0.985,0,1,0b0m,0.0,0.0,sdfmilan073,b268731,0.2.18,0.2.15b1.dev14+b7aafcd1,3.12.12,
2026-09-20T08:01:32+00:00,edrixs,BENCH_BATCHED_5F,batched,mode_a_cached,warm,16,0,20260922,10000,0,483200000,16.778,596.03,28.8,256.0,0.648,cached,1.074,0.962,0,1,0b0m,0.1,0.0,sdfmilan073,b268731,0.2.18,0.2.15b1.dev14+b7aafcd1,3.12.12,
2026-09-20T08:01:36+00:00,edrixs,BENCH_BATCHED_5F,batched,h5py_plain,warm,16,0,20260923,2000,2000,96640000,3.297,606.64,29.3,1.0,0.024,glob+harvest,0.086,0.985,0,1,0b0m,0.0,0.0,sdfmilan073,b268731,0.2.18,0.2.15b1.dev14+b7aafcd1,3.12.12,
2026-09-20T08:01:54+00:00,edrixs,BENCH_BATCHED_5F,batched,h5py_plain,warm,16,0,20260923,10000,0,483200000,17.221,580.67,28.1,256.0,0.025,glob+harvest,1.401,0.94,0,1,0b0m,0.1,0.0,sdfmilan073,b268731,0.2.18,0.2.15b1.dev14+b7aafcd1,3.12.12,
2026-09-20T08:01:59+00:00,edrixs,BENCH_BATCHED_5F,batched,mode_a,warm,16,0,20260923,2000,2000,96640000,3.352,596.66,28.8,1.0,0.663,cached,0.144,0.982,0,1,0b0m,0.2,0.0,sdfmilan073,b268731,0.2.18,0.2.15b1.dev14+b7aafcd1,3.12.12,
2026-09-20T08:02:03+00:00,edrixs,BENCH_BATCHED_5F,batched,mode_a_cached,warm,16,0,20260923,2000,2000,96640000,3.247,615.88,29.8,1.0,0.697,cached,0.099,0.984,0,1,0b0m,0.0,0.0,sdfmilan073,b268731,0.2.18,0.2.15b1.dev14+b7aafcd1,3.12.12,
2026-09-20T08:02:22+00:00,edrixs,BENCH_BATCHED_5F,batched,mode_a_cached,warm,16,0,20260923,10000,0,483200000,17.244,579.92,28.0,256.0,0.793,cached,1.594,0.939,0,1,0b0m,0.0,0.0,sdfmilan073,b268731,0.2.18,0.2.15b1.dev14+b7aafcd1,3.12.12,
2026-09-20T08:02:26+00:00,edrixs,BENCH_BATCHED_5F,batched,h5py_plain,warm,16,0,20260924,2000,2000,96640000,3.322,602.08,29.1,1.0,0.024,glob+harvest,0.13,0.971,0,1,0b0m,0.0,0.0,sdfmilan073,b268731,0.2.18,0.2.15b1.dev14+b7aafcd1,3.12.12,
2026-09-20T08:02:44+00:00,edrixs,BENCH_BATCHED_5F,batched,h5py_plain,warm,16,0,20260924,10000,0,483200000,17.323,577.26,27.9,256.0,0.028,glob+harvest,1.498,0.937,0,1,0b0m,0.0,0.0,sdfmilan073,b268731,0.2.18,0.2.15b1.dev14+b7aafcd1,3.12.12,
2026-09-20T08:02:49+00:00,edrixs,BENCH_BATCHED_5F,batched,mode_a,warm,16,0,20260924,2000,2000,96640000,3.29,607.93,29.4,1.0,0.689,cached,0.105,0.982,0,1,0b0m,0.1,0.0,sdfmilan073,b268731,0.2.18,0.2.15b1.dev14+b7aafcd1,3.12.12,
2026-09-20T08:02:53+00:00,edrixs,BENCH_BATCHED_5F,batched,mode_a_cached,warm,16,0,20260924,2000,2000,96640000,3.238,617.64,29.8,1.0,0.69,cached,0.063,0.989,0,1,0b0m,0.0,0.0,sdfmilan073,b268731,0.2.18,0.2.15b1.dev14+b7aafcd1,3.12.12,
2026-09-20T08:03:11+00:00,edrixs,BENCH_BATCHED_5F,batched,mode_a_cached,warm,16,0,20260924,10000,0,483200000,16.655,600.42,29.0,256.0,0.655,cached,0.988,0.962,0,1,0b0m,0.1,0.0,sdfmilan073,b268731,0.2.18,0.2.15b1.dev14+b7aafcd1,3.12.12,
2026-09-20T08:03:16+00:00,edrixs,BENCH_BATCHED_5F,batched,h5py_plain,cold,16,0,20260920,2000,2000,96640000,3.409,586.64,28.3,1.0,0.023,glob+harvest,0.214,0.956,0,1,0b0m,0.0,0.0,sdfmilan073,b268731,0.2.18,0.2.15b1.dev14+b7aafcd1,3.12.12,
2026-09-20T08:03:33+00:00,edrixs,BENCH_BATCHED_5F,batched,h5py_plain,cold,16,0,20260920,10000,0,483200000,17.156,582.88,28.2,256.0,0.024,glob+harvest,1.257,0.943,0,1,0b0m,0.0,0.0,sdfmilan073,b268731,0.2.18,0.2.15b1.dev14+b7aafcd1,3.12.12,
2026-09-20T08:03:38+00:00,edrixs,BENCH_BATCHED_5F,batched,mode_a,cold,16,0,20260920,2000,2000,96640000,3.518,568.5,27.5,1.0,0.705,cached,0.275,0.943,0,1,0b0m,0.0,0.0,sdfmilan073,b268731,0.2.18,0.2.15b1.dev14+b7aafcd1,3.12.12,
2026-09-20T08:03:43+00:00,edrixs,BENCH_BATCHED_5F,batched,mode_a_cached,cold,16,0,20260920,2000,2000,96640000,3.459,578.25,27.9,1.0,0.69,cached,0.284,0.937,0,1,0b0m,0.0,0.0,sdfmilan073,b268731,0.2.18,0.2.15b1.dev14+b7aafcd1,3.12.12,
2026-09-20T08:04:02+00:00,edrixs,BENCH_BATCHED_5F,batched,mode_a_cached,cold,16,0,20260920,10000,0,483200000,17.069,585.84,28.3,256.0,0.9,cached,1.289,0.954,0,1,0b0m,0.0,0.0,sdfmilan073,b268731,0.2.18,0.2.15b1.dev14+b7aafcd1,3.12.12,
2026-09-20T08:04:06+00:00,edrixs,BENCH_BATCHED_5F,batched,h5py_plain,cold,16,0,20260921,2000,2000,96640000,3.506,570.53,27.6,1.0,0.034,glob+harvest,0.28,0.944,0,1,0b0m,0.0,0.0,sdfmilan073,b268731,0.2.18,0.2.15b1.dev14+b7aafcd1,3.12.12,
2026-09-20T08:04:24+00:00,edrixs,BENCH_BATCHED_5F,batched,h5py_plain,cold,16,0,20260921,10000,0,483200000,17.692,565.22,27.3,256.0,0.024,glob+harvest,1.758,0.918,0,1,0b0m,0.0,0.0,sdfmilan073,b268731,0.2.18,0.2.15b1.dev14+b7aafcd1,3.12.12,
2026-09-20T08:04:29+00:00,edrixs,BENCH_BATCHED_5F,batched,mode_a,cold,16,0,20260921,2000,2000,96640000,3.455,578.95,28.0,1.0,0.666,cached,0.223,0.96,0,1,0b0m,0.0,0.0,sdfmilan073,b268731,0.2.18,0.2.15b1.dev14+b7aafcd1,3.12.12,
2026-09-20T08:04:34+00:00,edrixs,BENCH_BATCHED_5F,batched,mode_a_cached,cold,16,0,20260921,2000,2000,96640000,3.406,587.26,28.4,1.0,0.7,cached,0.198,0.961,0,1,0b0m,0.0,0.0,sdfmilan073,b268731,0.2.18,0.2.15b1.dev14+b7aafcd1,3.12.12,
2026-09-20T08:04:52+00:00,edrixs,BENCH_BATCHED_5F,batched,mode_a_cached,cold,16,0,20260921,10000,0,483200000,16.791,595.56,28.8,256.0,1.125,cached,1.102,0.959,0,1,0b0m,0.0,0.0,sdfmilan073,b268731,0.2.18,0.2.15b1.dev14+b7aafcd1,3.12.12,
2026-09-20T08:04:57+00:00,edrixs,BENCH_BATCHED_5F,batched,h5py_plain,cold,16,0,20260922,2000,2000,96640000,3.455,578.92,28.0,1.0,0.036,glob+harvest,0.224,0.951,0,1,0b0m,0.0,0.0,sdfmilan073,b268731,0.2.18,0.2.15b1.dev14+b7aafcd1,3.12.12,
2026-09-20T08:05:14+00:00,edrixs,BENCH_BATCHED_5F,batched,h5py_plain,cold,16,0,20260922,10000,0,483200000,16.242,615.69,29.8,256.0,0.027,glob+harvest,0.416,0.988,0,1,0b0m,0.0,0.0,sdfmilan073,b268731,0.2.18,0.2.15b1.dev14+b7aafcd1,3.12.12,
2026-09-20T08:05:20+00:00,edrixs,BENCH_BATCHED_5F,batched,mode_a,cold,16,0,20260922,2000,2000,96640000,3.463,577.46,27.9,1.0,0.714,cached,0.227,0.956,0,1,0b0m,0.0,0.0,sdfmilan073,b268731,0.2.18,0.2.15b1.dev14+b7aafcd1,3.12.12,
2026-09-20T08:05:25+00:00,edrixs,BENCH_BATCHED_5F,batched,mode_a_cached,cold,16,0,20260922,2000,2000,96640000,3.495,572.3,27.7,1.0,0.651,cached,0.3,0.935,0,1,0b0m,0.0,0.0,sdfmilan073,b268731,0.2.18,0.2.15b1.dev14+b7aafcd1,3.12.12,
2026-09-20T08:05:43+00:00,edrixs,BENCH_BATCHED_5F,batched,mode_a_cached,cold,16,0,20260922,10000,0,483200000,16.845,593.66,28.7,256.0,0.68,cached,0.864,0.971,0,1,0b0m,0.0,0.0,sdfmilan073,b268731,0.2.18,0.2.15b1.dev14+b7aafcd1,3.12.12,
2026-09-20T08:05:46+00:00,edrixs,BENCH_BATCHED_5F,batched,h5py_plain,warm,32,0,20260920,2000,2000,96640000,1.679,1190.97,57.5,1.0,0.024,glob+harvest,0.081,0.975,0,1,0b0m,0.0,0.0,sdfmilan073,b268731,0.2.18,0.2.15b1.dev14+b7aafcd1,3.12.12,
2026-09-20T08:05:55+00:00,edrixs,BENCH_BATCHED_5F,batched,h5py_plain,warm,32,0,20260920,10000,0,483200000,8.879,1126.26,54.4,256.0,0.024,glob+harvest,0.95,0.915,0,1,0b0m,0.1,0.0,sdfmilan073,b268731,0.2.18,0.2.15b1.dev14+b7aafcd1,3.12.12,
2026-09-20T08:05:59+00:00,edrixs,BENCH_BATCHED_5F,batched,mode_a,warm,32,0,20260920,2000,2000,96640000,1.691,1182.96,57.2,1.0,0.864,cached,0.065,0.982,0,1,0b0m,0.1,0.0,sdfmilan073,b268731,0.2.18,0.2.15b1.dev14+b7aafcd1,3.12.12,
2026-09-20T08:06:02+00:00,edrixs,BENCH_BATCHED_5F,batched,mode_a_cached,warm,32,0,20260920,2000,2000,96640000,1.669,1198.03,57.9,1.0,0.706,cached,0.066,0.978,0,1,0b0m,0.0,0.0,sdfmilan073,b268731,0.2.18,0.2.15b1.dev14+b7aafcd1,3.12.12,
2026-09-20T08:06:12+00:00,edrixs,BENCH_BATCHED_5F,batched,mode_a_cached,warm,32,0,20260920,10000,0,483200000,8.495,1177.22,56.9,256.0,0.715,cached,0.6,0.954,0,1,0b0m,0.1,0.0,sdfmilan073,b268731,0.2.18,0.2.15b1.dev14+b7aafcd1,3.12.12,
2026-09-20T08:06:14+00:00,edrixs,BENCH_BATCHED_5F,batched,h5py_plain,warm,32,0,20260921,2000,2000,96640000,1.694,1180.6,57.0,1.0,0.023,glob+harvest,0.104,0.967,0,1,0b0m,0.0,0.0,sdfmilan073,b268731,0.2.18,0.2.15b1.dev14+b7aafcd1,3.12.12,
2026-09-20T08:06:24+00:00,edrixs,BENCH_BATCHED_5F,batched,h5py_plain,warm,32,0,20260921,10000,0,483200000,8.754,1142.4,55.2,256.0,0.023,glob+harvest,0.782,0.937,0,1,0b0m,0.0,0.0,sdfmilan073,b268731,0.2.18,0.2.15b1.dev14+b7aafcd1,3.12.12,
2026-09-20T08:06:27+00:00,edrixs,BENCH_BATCHED_5F,batched,mode_a,warm,32,0,20260921,2000,2000,96640000,1.682,1188.73,57.4,1.0,0.722,cached,0.066,0.978,0,1,0b0m,0.0,0.0,sdfmilan073,b268731,0.2.18,0.2.15b1.dev14+b7aafcd1,3.12.12,
2026-09-20T08:06:30+00:00,edrixs,BENCH_BATCHED_5F,batched,mode_a_cached,warm,32,0,20260921,2000,2000,96640000,1.686,1186.43,57.3,1.0,0.887,cached,0.087,0.972,0,1,0b0m,0.0,0.0,sdfmilan073,b268731,0.2.18,0.2.15b1.dev14+b7aafcd1,3.12.12,
2026-09-20T08:06:40+00:00,edrixs,BENCH_BATCHED_5F,batched,mode_a_cached,warm,32,0,20260921,10000,0,483200000,8.604,1162.21,56.2,256.0,0.66,cached,0.691,0.948,0,1,0b0m,0.1,0.0,sdfmilan073,b268731,0.2.18,0.2.15b1.dev14+b7aafcd1,3.12.12,
2026-09-20T08:06:42+00:00,edrixs,BENCH_BATCHED_5F,batched,h5py_plain,warm,32,0,20260922,2000,2000,96640000,1.691,1182.54,57.1,1.0,0.025,glob+harvest,0.09,0.976,0,1,0b0m,0.1,0.0,sdfmilan073,b268731,0.2.18,0.2.15b1.dev14+b7aafcd1,3.12.12,
2026-09-20T08:06:52+00:00,edrixs,BENCH_BATCHED_5F,batched,h5py_plain,warm,32,0,20260922,10000,0,483200000,8.846,1130.41,54.6,256.0,0.023,glob+harvest,0.834,0.927,0,1,0b0m,0.0,0.0,sdfmilan073,b268731,0.2.18,0.2.15b1.dev14+b7aafcd1,3.12.12,
2026-09-20T08:06:55+00:00,edrixs,BENCH_BATCHED_5F,batched,mode_a,warm,32,0,20260922,2000,2000,96640000,1.715,1166.39,56.4,1.0,0.703,cached,0.095,0.974,0,1,0b0m,0.0,0.0,sdfmilan073,b268731,0.2.18,0.2.15b1.dev14+b7aafcd1,3.12.12,
2026-09-20T08:06:58+00:00,edrixs,BENCH_BATCHED_5F,batched,mode_a_cached,warm,32,0,20260922,2000,2000,96640000,1.677,1192.78,57.6,1.0,0.698,cached,0.086,0.974,0,1,0b0m,0.1,0.0,sdfmilan073,b268731,0.2.18,0.2.15b1.dev14+b7aafcd1,3.12.12,
2026-09-20T08:07:08+00:00,edrixs,BENCH_BATCHED_5F,batched,mode_a_cached,warm,32,0,20260922,10000,0,483200000,8.383,1192.89,57.6,256.0,0.75,cached,0.436,0.965,0,1,0b0m,0.0,0.0,sdfmilan073,b268731,0.2.18,0.2.15b1.dev14+b7aafcd1,3.12.12,
2026-09-20T08:07:11+00:00,edrixs,BENCH_BATCHED_5F,batched,h5py_plain,warm,32,0,20260923,2000,2000,96640000,1.685,1187.0,57.4,1.0,0.024,glob+harvest,0.094,0.979,0,1,0b0m,0.0,0.0,sdfmilan073,b268731,0.2.18,0.2.15b1.dev14+b7aafcd1,3.12.12,
2026-09-20T08:07:20+00:00,edrixs,BENCH_BATCHED_5F,batched,h5py_plain,warm,32,0,20260923,10000,0,483200000,8.75,1142.92,55.2,256.0,0.023,glob+harvest,0.751,0.935,0,1,0b0m,0.0,0.0,sdfmilan073,b268731,0.2.18,0.2.15b1.dev14+b7aafcd1,3.12.12,
2026-09-20T08:07:23+00:00,edrixs,BENCH_BATCHED_5F,batched,mode_a,warm,32,0,20260923,2000,2000,96640000,1.705,1173.1,56.7,1.0,0.833,cached,0.106,0.974,0,1,0b0m,0.1,0.0,sdfmilan073,b268731,0.2.18,0.2.15b1.dev14+b7aafcd1,3.12.12,
2026-09-20T08:07:27+00:00,edrixs,BENCH_BATCHED_5F,batched,mode_a_cached,warm,32,0,20260923,2000,2000,96640000,1.661,1203.83,58.2,1.0,0.738,cached,0.087,0.977,0,1,0b0m,0.0,0.0,sdfmilan073,b268731,0.2.18,0.2.15b1.dev14+b7aafcd1,3.12.12,
2026-09-20T08:07:36+00:00,edrixs,BENCH_BATCHED_5F,batched,mode_a_cached,warm,32,0,20260923,10000,0,483200000,8.504,1175.91,56.8,256.0,0.68,cached,0.583,0.953,0,1,0b0m,0.1,0.0,sdfmilan073,b268731,0.2.18,0.2.15b1.dev14+b7aafcd1,3.12.12,
2026-09-20T08:07:39+00:00,edrixs,BENCH_BATCHED_5F,batched,h5py_plain,warm,32,0,20260924,2000,2000,96640000,1.674,1194.91,57.7,1.0,0.023,glob+harvest,0.063,0.981,0,1,0b0m,0.0,0.0,sdfmilan073,b268731,0.2.18,0.2.15b1.dev14+b7aafcd1,3.12.12,
2026-09-20T08:07:48+00:00,edrixs,BENCH_BATCHED_5F,batched,h5py_plain,warm,32,0,20260924,10000,0,483200000,8.831,1132.32,54.7,256.0,0.024,glob+harvest,0.854,0.93,0,1,0b0m,0.0,0.0,sdfmilan073,b268731,0.2.18,0.2.15b1.dev14+b7aafcd1,3.12.12,
2026-09-20T08:07:52+00:00,edrixs,BENCH_BATCHED_5F,batched,mode_a,warm,32,0,20260924,2000,2000,96640000,1.691,1182.67,57.1,1.0,0.701,cached,0.087,0.976,0,1,0b0m,0.2,0.0,sdfmilan073,b268731,0.2.18,0.2.15b1.dev14+b7aafcd1,3.12.12,
2026-09-20T08:07:55+00:00,edrixs,BENCH_BATCHED_5F,batched,mode_a_cached,warm,32,0,20260924,2000,2000,96640000,1.669,1198.17,57.9,1.0,0.786,cached,0.088,0.98,0,1,0b0m,0.0,0.0,sdfmilan073,b268731,0.2.18,0.2.15b1.dev14+b7aafcd1,3.12.12,
2026-09-20T08:08:05+00:00,edrixs,BENCH_BATCHED_5F,batched,mode_a_cached,warm,32,0,20260924,10000,0,483200000,8.514,1174.58,56.8,256.0,0.695,cached,0.583,0.96,0,1,0b0m,0.0,0.0,sdfmilan073,b268731,0.2.18,0.2.15b1.dev14+b7aafcd1,3.12.12,
2026-09-20T08:08:08+00:00,edrixs,BENCH_BATCHED_5F,batched,h5py_plain,cold,32,0,20260920,2000,2000,96640000,1.883,1062.17,51.3,1.0,0.024,glob+harvest,0.291,0.887,0,1,0b0m,0.0,0.0,sdfmilan073,b268731,0.2.18,0.2.15b1.dev14+b7aafcd1,3.12.12,
2026-09-20T08:08:17+00:00,edrixs,BENCH_BATCHED_5F,batched,h5py_plain,cold,32,0,20260920,10000,0,483200000,8.723,1146.4,55.4,256.0,0.023,glob+harvest,0.819,0.932,0,1,0b0m,0.0,0.0,sdfmilan073,b268731,0.2.18,0.2.15b1.dev14+b7aafcd1,3.12.12,
2026-09-20T08:08:20+00:00,edrixs,BENCH_BATCHED_5F,batched,mode_a,cold,32,0,20260920,2000,2000,96640000,1.986,1007.14,48.7,1.0,0.689,cached,0.382,0.86,0,1,0b0m,0.0,0.0,sdfmilan073,b268731,0.2.18,0.2.15b1.dev14+b7aafcd1,3.12.12,
2026-09-20T08:08:24+00:00,edrixs,BENCH_BATCHED_5F,batched,mode_a_cached,cold,32,0,20260920,2000,2000,96640000,1.941,1030.52,49.8,1.0,0.707,cached,0.341,0.87,0,1,0b0m,0.0,0.0,sdfmilan073,b268731,0.2.18,0.2.15b1.dev14+b7aafcd1,3.12.12,
2026-09-20T08:08:34+00:00,edrixs,BENCH_BATCHED_5F,batched,mode_a_cached,cold,32,0,20260920,10000,0,483200000,8.539,1171.1,56.6,256.0,0.704,cached,0.657,0.953,0,1,0b0m,0.0,0.0,sdfmilan073,b268731,0.2.18,0.2.15b1.dev14+b7aafcd1,3.12.12,
2026-09-20T08:08:37+00:00,edrixs,BENCH_BATCHED_5F,batched,h5py_plain,cold,32,0,20260921,2000,2000,96640000,1.868,1070.8,51.7,1.0,0.024,glob+harvest,0.261,0.901,0,1,0b0m,0.0,0.0,sdfmilan073,b268731,0.2.18,0.2.15b1.dev14+b7aafcd1,3.12.12,
2026-09-20T08:08:46+00:00,edrixs,BENCH_BATCHED_5F,batched,h5py_plain,cold,32,0,20260921,10000,0,483200000,8.91,1122.4,54.2,256.0,0.024,glob+harvest,0.99,0.92,0,1,0b0m,0.0,0.0,sdfmilan073,b268731,0.2.18,0.2.15b1.dev14+b7aafcd1,3.12.12,
2026-09-20T08:08:49+00:00,edrixs,BENCH_BATCHED_5F,batched,mode_a,cold,32,0,20260921,2000,2000,96640000,1.937,1032.6,49.9,1.0,0.726,cached,0.296,0.892,0,1,0b0m,0.0,0.0,sdfmilan073,b268731,0.2.18,0.2.15b1.dev14+b7aafcd1,3.12.12,
2026-09-20T08:08:53+00:00,edrixs,BENCH_BATCHED_5F,batched,mode_a_cached,cold,32,0,20260921,2000,2000,96640000,1.837,1088.77,52.6,1.0,0.858,cached,0.252,0.903,0,1,0b0m,0.0,0.0,sdfmilan073,b268731,0.2.18,0.2.15b1.dev14+b7aafcd1,3.12.12,
2026-09-20T08:09:03+00:00,edrixs,BENCH_BATCHED_5F,batched,mode_a_cached,cold,32,0,20260921,10000,0,483200000,8.504,1175.98,56.8,256.0,0.719,cached,0.615,0.949,0,1,0b0m,0.0,0.0,sdfmilan073,b268731,0.2.18,0.2.15b1.dev14+b7aafcd1,3.12.12,
2026-09-20T08:09:06+00:00,edrixs,BENCH_BATCHED_5F,batched,h5py_plain,cold,32,0,20260922,2000,2000,96640000,1.764,1133.86,54.8,1.0,0.025,glob+harvest,0.177,0.933,0,1,0b0m,0.0,0.0,sdfmilan073,b268731,0.2.18,0.2.15b1.dev14+b7aafcd1,3.12.12,
2026-09-20T08:09:15+00:00,edrixs,BENCH_BATCHED_5F,batched,h5py_plain,cold,32,0,20260922,10000,0,483200000,8.825,1133.18,54.8,256.0,0.029,glob+harvest,0.91,0.921,0,1,0b0m,0.0,0.0,sdfmilan073,b268731,0.2.18,0.2.15b1.dev14+b7aafcd1,3.12.12,
2026-09-20T08:09:19+00:00,edrixs,BENCH_BATCHED_5F,batched,mode_a,cold,32,0,20260922,2000,2000,96640000,1.918,1042.55,50.4,1.0,0.707,cached,0.31,0.887,0,1,0b0m,0.0,0.0,sdfmilan073,b268731,0.2.18,0.2.15b1.dev14+b7aafcd1,3.12.12,
2026-09-20T08:09:22+00:00,edrixs,BENCH_BATCHED_5F,batched,mode_a_cached,cold,32,0,20260922,2000,2000,96640000,1.783,1121.4,54.2,1.0,0.722,cached,0.191,0.926,0,1,0b0m,0.0,0.0,sdfmilan073,b268731,0.2.18,0.2.15b1.dev14+b7aafcd1,3.12.12,
2026-09-20T08:09:32+00:00,edrixs,BENCH_BATCHED_5F,batched,mode_a_cached,cold,32,0,20260922,10000,0,483200000,8.497,1176.87,56.9,256.0,0.705,cached,0.607,0.958,0,1,0b0m,0.0,0.0,sdfmilan073,b268731,0.2.18,0.2.15b1.dev14+b7aafcd1,3.12.12,
2026-09-20T08:16:46+00:00,edrixs,BENCH_BATCHED_5F,batched,http,ambient,1,0,20260920,2000,2000,96640000,431.858,4.63,0.2,1.0,0.776,cached,0.0,1.0,0,1,0b0m,0.0,0.0,sdfmilan073,b268731,0.2.18,0.2.15b1.dev14+b7aafcd1,3.12.12,
2026-09-20T08:23:18+00:00,edrixs,BENCH_BATCHED_5F,batched,http,ambient,1,0,20260921,2000,2000,96640000,390.238,5.13,0.2,1.0,0.74,cached,0.0,1.0,0,1,0b0m,0.0,0.0,sdfmilan073,b268731,0.2.18,0.2.15b1.dev14+b7aafcd1,3.12.12,
2026-09-20T08:29:45+00:00,edrixs,BENCH_BATCHED_5F,batched,http,ambient,1,0,20260922,2000,2000,96640000,385.634,5.19,0.3,1.0,0.714,cached,0.0,1.0,0,1,0b0m,0.0,0.0,sdfmilan073,b268731,0.2.18,0.2.15b1.dev14+b7aafcd1,3.12.12,
2026-09-20T08:33:04+00:00,edrixs,BENCH_BATCHED_5F,batched,http,ambient,2,0,20260920,2000,2000,96640000,196.765,10.16,0.5,1.0,0.693,cached,0.058,1.0,0,1,0b0m,0.0,0.0,sdfmilan073,b268731,0.2.18,0.2.15b1.dev14+b7aafcd1,3.12.12,
2026-09-20T08:36:22+00:00,edrixs,BENCH_BATCHED_5F,batched,http,ambient,2,0,20260921,2000,2000,96640000,196.472,10.18,0.5,1.0,0.701,cached,1.674,0.996,0,1,0b0m,0.0,0.0,sdfmilan073,b268731,0.2.18,0.2.15b1.dev14+b7aafcd1,3.12.12,
2026-09-20T08:39:40+00:00,edrixs,BENCH_BATCHED_5F,batched,http,ambient,2,0,20260922,2000,2000,96640000,195.126,10.25,0.5,1.0,0.699,cached,2.783,0.993,0,1,0b0m,0.0,0.0,sdfmilan073,b268731,0.2.18,0.2.15b1.dev14+b7aafcd1,3.12.12,
2026-09-20T08:41:23+00:00,edrixs,BENCH_BATCHED_5F,batched,http,ambient,4,0,20260920,2000,2000,96640000,101.094,19.78,1.0,1.0,0.707,cached,1.072,0.995,0,1,0b0m,0.0,0.0,sdfmilan073,b268731,0.2.18,0.2.15b1.dev14+b7aafcd1,3.12.12,
2026-09-20T08:43:07+00:00,edrixs,BENCH_BATCHED_5F,batched,http,ambient,4,0,20260921,2000,2000,96640000,102.157,19.58,0.9,1.0,0.73,cached,2.063,0.991,0,1,0b0m,0.0,0.0,sdfmilan073,b268731,0.2.18,0.2.15b1.dev14+b7aafcd1,3.12.12,
2026-09-20T08:44:51+00:00,edrixs,BENCH_BATCHED_5F,batched,http,ambient,4,0,20260922,2000,2000,96640000,102.154,19.58,0.9,1.0,0.7,cached,1.735,0.992,0,1,0b0m,0.0,0.0,sdfmilan073,b268731,0.2.18,0.2.15b1.dev14+b7aafcd1,3.12.12,
2026-09-20T08:45:51+00:00,edrixs,BENCH_BATCHED_5F,batched,http,ambient,8,0,20260920,2000,2000,96640000,58.084,34.43,1.7,1.0,0.675,cached,1.712,0.983,0,1,0b0m,0.0,0.0,sdfmilan073,b268731,0.2.18,0.2.15b1.dev14+b7aafcd1,3.12.12,
2026-09-20T08:46:51+00:00,edrixs,BENCH_BATCHED_5F,batched,http,ambient,8,0,20260921,2000,2000,96640000,57.446,34.82,1.7,1.0,0.713,cached,1.218,0.991,0,1,0b0m,0.0,0.0,sdfmilan073,b268731,0.2.18,0.2.15b1.dev14+b7aafcd1,3.12.12,
2026-09-20T08:47:50+00:00,edrixs,BENCH_BATCHED_5F,batched,http,ambient,8,0,20260922,2000,2000,96640000,57.691,34.67,1.7,1.0,0.702,cached,3.02,0.975,0,1,0b0m,0.0,0.0,sdfmilan073,b268731,0.2.18,0.2.15b1.dev14+b7aafcd1,3.12.12,
2026-09-20T08:48:30+00:00,edrixs,BENCH_BATCHED_5F,batched,http,ambient,16,0,20260920,2000,2000,96640000,36.992,54.07,2.6,1.0,0.776,cached,3.123,0.95,0,1,0b0m,0.0,0.0,sdfmilan073,b268731,0.2.18,0.2.15b1.dev14+b7aafcd1,3.12.12,
2026-09-20T08:49:08+00:00,edrixs,BENCH_BATCHED_5F,batched,http,ambient,16,0,20260921,2000,2000,96640000,36.63,54.6,2.6,1.0,0.683,cached,4.12,0.964,0,1,0b0m,0.0,0.0,sdfmilan073,b268731,0.2.18,0.2.15b1.dev14+b7aafcd1,3.12.12,
2026-09-20T08:49:47+00:00,edrixs,BENCH_BATCHED_5F,batched,http,ambient,16,0,20260922,2000,2000,96640000,36.752,54.42,2.6,1.0,0.693,cached,2.799,0.964,0,1,0b0m,0.0,0.0,sdfmilan073,b268731,0.2.18,0.2.15b1.dev14+b7aafcd1,3.12.12,
2026-09-20T08:50:18+00:00,edrixs,BENCH_BATCHED_5F,batched,http,ambient,32,0,20260920,2000,2000,96640000,28.43,70.35,3.4,1.0,0.699,cached,4.8,0.912,0,1,0b0m,0.0,0.0,sdfmilan073,b268731,0.2.18,0.2.15b1.dev14+b7aafcd1,3.12.12,
2026-09-20T08:50:47+00:00,edrixs,BENCH_BATCHED_5F,batched,http,ambient,32,0,20260921,2000,2000,96640000,26.909,74.32,3.6,1.0,0.803,cached,3.854,0.937,0,1,0b0m,0.0,0.0,sdfmilan073,b268731,0.2.18,0.2.15b1.dev14+b7aafcd1,3.12.12,
2026-09-20T08:51:17+00:00,edrixs,BENCH_BATCHED_5F,batched,http,ambient,32,0,20260922,2000,2000,96640000,27.751,72.07,3.5,1.0,0.758,cached,4.819,0.941,0,1,0b0m,0.0,0.0,sdfmilan073,b268731,0.2.18,0.2.15b1.dev14+b7aafcd1,3.12.12,
2026-09-20T08:55:48+00:00,edrixs,BENCH_BATCHED_5F,batched,mode_a_bulk,warm,1,0,20260920,10000,0,483200000,269.03,37.17,1.8,1.0,0.706,cached,0,1.0,0,1,,0.1,0.0,sdfmilan073,b268731,0.2.18,0.2.15b1.dev14+b7aafcd1,3.12.12,
2026-09-20T09:00:17+00:00,edrixs,BENCH_BATCHED_5F,batched,mode_a_bulk,warm,1,0,20260921,10000,0,483200000,268.419,37.26,1.8,1.0,0.706,cached,0,1.0,0,1,,0.1,0.0,sdfmilan073,b268731,0.2.18,0.2.15b1.dev14+b7aafcd1,3.12.12,
2026-09-20T09:04:47+00:00,edrixs,BENCH_BATCHED_5F,batched,mode_a_bulk,warm,1,0,20260922,10000,0,483200000,268.79,37.2,1.8,1.0,0.664,cached,0,1.0,0,1,,0.1,0.0,sdfmilan073,b268731,0.2.18,0.2.15b1.dev14+b7aafcd1,3.12.12,
2026-09-20T09:09:18+00:00,edrixs,BENCH_BATCHED_5F,batched,mode_a_bulk,cold,1,0,20260919,10000,0,483200000,269.382,37.12,1.8,1.0,0.682,cached,0,1.0,0,1,,0.0,0.0,sdfmilan073,b268731,0.2.18,0.2.15b1.dev14+b7aafcd1,3.12.12,
2026-09-20T09:12:49+00:00,edrixs,BENCH_BATCHED_5F,batched,h5py_plain,warm,1,0,20260920,10000,0,483200000,3.187,3138.18,151.6,256.0,0.042,glob+harvest,0.0,1.0,0,1,0b0m,0.4,0.0,sdfmilan149,b268731,0.2.18,0.2.15b1.dev14+b7aafcd1,3.12.12,dsid_cache_fix
2026-09-20T09:12:55+00:00,edrixs,BENCH_BATCHED_5F,batched,mode_a_cached,warm,1,0,20260920,10000,0,483200000,3.16,3164.67,152.9,256.0,2.014,cached,0.0,1.0,0,1,0b0m,0.1,0.0,sdfmilan149,b268731,0.2.18,0.2.15b1.dev14+b7aafcd1,3.12.12,dsid_cache_fix
2026-09-20T09:12:59+00:00,edrixs,BENCH_BATCHED_5F,batched,h5py_plain,warm,1,0,20260921,10000,0,483200000,3.071,3255.83,157.3,256.0,0.043,glob+harvest,0.0,1.0,0,1,0b0m,0.1,0.0,sdfmilan149,b268731,0.2.18,0.2.15b1.dev14+b7aafcd1,3.12.12,dsid_cache_fix
2026-09-20T09:13:03+00:00,edrixs,BENCH_BATCHED_5F,batched,mode_a_cached,warm,1,0,20260921,10000,0,483200000,3.01,3322.09,160.5,256.0,0.684,cached,0.0,1.0,0,1,0b0m,0.1,0.0,sdfmilan149,b268731,0.2.18,0.2.15b1.dev14+b7aafcd1,3.12.12,dsid_cache_fix
2026-09-20T09:13:07+00:00,edrixs,BENCH_BATCHED_5F,batched,h5py_plain,warm,1,0,20260922,10000,0,483200000,2.978,3358.44,162.3,256.0,0.025,glob+harvest,0.0,1.0,0,1,0b0m,0.0,0.0,sdfmilan149,b268731,0.2.18,0.2.15b1.dev14+b7aafcd1,3.12.12,dsid_cache_fix
2026-09-20T09:13:11+00:00,edrixs,BENCH_BATCHED_5F,batched,mode_a_cached,warm,1,0,20260922,10000,0,483200000,2.992,3342.58,161.5,256.0,0.687,cached,0.0,1.0,0,1,0b0m,0.1,0.0,sdfmilan149,b268731,0.2.18,0.2.15b1.dev14+b7aafcd1,3.12.12,dsid_cache_fix
2026-09-20T09:13:15+00:00,edrixs,BENCH_BATCHED_5F,batched,h5py_plain,warm,1,0,20260923,10000,0,483200000,3.188,3137.14,151.6,256.0,0.026,glob+harvest,0.0,1.0,0,1,0b0m,0.0,0.0,sdfmilan149,b268731,0.2.18,0.2.15b1.dev14+b7aafcd1,3.12.12,dsid_cache_fix
2026-09-20T09:13:19+00:00,edrixs,BENCH_BATCHED_5F,batched,mode_a_cached,warm,1,0,20260923,10000,0,483200000,3.009,3323.83,160.6,256.0,0.645,cached,0.0,1.0,0,1,0b0m,0.1,0.0,sdfmilan149,b268731,0.2.18,0.2.15b1.dev14+b7aafcd1,3.12.12,dsid_cache_fix
2026-09-20T09:13:23+00:00,edrixs,BENCH_BATCHED_5F,batched,h5py_plain,warm,1,0,20260924,10000,0,483200000,3.034,3295.96,159.3,256.0,0.022,glob+harvest,0.0,1.0,0,1,0b0m,0.1,0.0,sdfmilan149,b268731,0.2.18,0.2.15b1.dev14+b7aafcd1,3.12.12,dsid_cache_fix
2026-09-20T09:13:28+00:00,edrixs,BENCH_BATCHED_5F,batched,mode_a_cached,warm,1,0,20260924,10000,0,483200000,3.215,3110.13,150.3,256.0,0.68,cached,0.0,1.0,0,1,0b0m,0.1,0.0,sdfmilan149,b268731,0.2.18,0.2.15b1.dev14+b7aafcd1,3.12.12,dsid_cache_fix
2026-09-20T09:13:32+00:00,edrixs,BENCH_BATCHED_5F,batched,h5py_plain,cold,1,0,20260920,10000,0,483200000,3.473,2879.48,139.1,256.0,0.025,glob+harvest,0.0,1.0,0,1,0b0m,0.0,0.0,sdfmilan149,b268731,0.2.18,0.2.15b1.dev14+b7aafcd1,3.12.12,dsid_cache_fix
2026-09-20T09:13:37+00:00,edrixs,BENCH_BATCHED_5F,batched,mode_a_cached,cold,1,0,20260920,10000,0,483200000,3.475,2878.11,139.1,256.0,0.819,cached,0.0,1.0,0,1,0b0m,0.0,0.0,sdfmilan149,b268731,0.2.18,0.2.15b1.dev14+b7aafcd1,3.12.12,dsid_cache_fix
2026-09-20T09:13:41+00:00,edrixs,BENCH_BATCHED_5F,batched,h5py_plain,cold,1,0,20260921,10000,0,483200000,3.552,2815.48,136.0,256.0,0.023,glob+harvest,0.0,1.0,0,1,0b0m,0.0,0.0,sdfmilan149,b268731,0.2.18,0.2.15b1.dev14+b7aafcd1,3.12.12,dsid_cache_fix
2026-09-20T09:13:46+00:00,edrixs,BENCH_BATCHED_5F,batched,mode_a_cached,cold,1,0,20260921,10000,0,483200000,3.36,2976.39,143.8,256.0,0.694,cached,0.0,1.0,0,1,0b0m,0.0,0.0,sdfmilan149,b268731,0.2.18,0.2.15b1.dev14+b7aafcd1,3.12.12,dsid_cache_fix
2026-09-20T09:13:50+00:00,edrixs,BENCH_BATCHED_5F,batched,h5py_plain,cold,1,0,20260922,10000,0,483200000,3.525,2836.64,137.1,256.0,0.024,glob+harvest,0.0,1.0,0,1,0b0m,0.0,0.0,sdfmilan149,b268731,0.2.18,0.2.15b1.dev14+b7aafcd1,3.12.12,dsid_cache_fix
2026-09-20T09:13:55+00:00,edrixs,BENCH_BATCHED_5F,batched,mode_a_cached,cold,1,0,20260922,10000,0,483200000,3.569,2801.59,135.4,256.0,0.674,cached,0.0,1.0,0,1,0b0m,0.0,0.0,sdfmilan149,b268731,0.2.18,0.2.15b1.dev14+b7aafcd1,3.12.12,dsid_cache_fix
2026-09-20T09:13:59+00:00,edrixs,BENCH_BATCHED_5F,batched,h5py_plain,warm,2,0,20260920,10000,0,483200000,2.794,3578.84,172.9,256.0,0.029,glob+harvest,0.159,0.971,0,1,0b0m,0.1,0.0,sdfmilan149,b268731,0.2.18,0.2.15b1.dev14+b7aafcd1,3.12.12,dsid_cache_fix
2026-09-20T09:14:03+00:00,edrixs,BENCH_BATCHED_5F,batched,mode_a_cached,warm,2,0,20260920,10000,0,483200000,2.889,3461.92,167.3,256.0,0.731,cached,0.242,0.958,0,1,0b0m,0.1,0.0,sdfmilan149,b268731,0.2.18,0.2.15b1.dev14+b7aafcd1,3.12.12,dsid_cache_fix
2026-09-20T09:14:06+00:00,edrixs,BENCH_BATCHED_5F,batched,h5py_plain,warm,2,0,20260921,10000,0,483200000,2.674,3740.21,180.7,256.0,0.023,glob+harvest,0.036,0.993,0,1,0b0m,0.1,0.0,sdfmilan149,b268731,0.2.18,0.2.15b1.dev14+b7aafcd1,3.12.12,dsid_cache_fix
2026-09-20T09:14:11+00:00,edrixs,BENCH_BATCHED_5F,batched,mode_a_cached,warm,2,0,20260921,10000,0,483200000,2.79,3584.64,173.2,256.0,0.683,cached,0.142,0.974,0,1,0b0m,0.1,0.0,sdfmilan149,b268731,0.2.18,0.2.15b1.dev14+b7aafcd1,3.12.12,dsid_cache_fix
2026-09-20T09:14:14+00:00,edrixs,BENCH_BATCHED_5F,batched,h5py_plain,warm,2,0,20260922,10000,0,483200000,2.613,3826.83,184.9,256.0,0.023,glob+harvest,0.018,0.997,0,1,0b0m,0.0,0.0,sdfmilan149,b268731,0.2.18,0.2.15b1.dev14+b7aafcd1,3.12.12,dsid_cache_fix
2026-09-20T09:14:18+00:00,edrixs,BENCH_BATCHED_5F,batched,mode_a_cached,warm,2,0,20260922,10000,0,483200000,2.642,3785.06,182.9,256.0,0.827,cached,0.019,0.996,0,1,0b0m,0.1,0.0,sdfmilan149,b268731,0.2.18,0.2.15b1.dev14+b7aafcd1,3.12.12,dsid_cache_fix
2026-09-20T09:14:21+00:00,edrixs,BENCH_BATCHED_5F,batched,h5py_plain,warm,2,0,20260923,10000,0,483200000,2.745,3643.41,176.0,256.0,0.022,glob+harvest,0.125,0.977,0,1,0b0m,0.0,0.0,sdfmilan149,b268731,0.2.18,0.2.15b1.dev14+b7aafcd1,3.12.12,dsid_cache_fix
2026-09-20T09:14:25+00:00,edrixs,BENCH_BATCHED_5F,batched,mode_a_cached,warm,2,0,20260923,10000,0,483200000,2.688,3720.7,179.8,256.0,0.681,cached,0.083,0.985,0,1,0b0m,0.1,0.0,sdfmilan149,b268731,0.2.18,0.2.15b1.dev14+b7aafcd1,3.12.12,dsid_cache_fix
2026-09-20T09:14:29+00:00,edrixs,BENCH_BATCHED_5F,batched,h5py_plain,warm,2,0,20260924,10000,0,483200000,2.758,3626.29,175.2,256.0,0.022,glob+harvest,0.167,0.97,0,1,0b0m,0.1,0.0,sdfmilan149,b268731,0.2.18,0.2.15b1.dev14+b7aafcd1,3.12.12,dsid_cache_fix
2026-09-20T09:14:33+00:00,edrixs,BENCH_BATCHED_5F,batched,mode_a_cached,warm,2,0,20260924,10000,0,483200000,2.678,3734.75,180.5,256.0,0.691,cached,0.083,0.985,0,1,0b0m,0.1,0.0,sdfmilan149,b268731,0.2.18,0.2.15b1.dev14+b7aafcd1,3.12.12,dsid_cache_fix
2026-09-20T09:14:37+00:00,edrixs,BENCH_BATCHED_5F,batched,h5py_plain,cold,2,0,20260920,10000,0,483200000,3.113,3212.73,155.2,256.0,0.023,glob+harvest,0.377,0.939,0,1,0b0m,0.0,0.0,sdfmilan149,b268731,0.2.18,0.2.15b1.dev14+b7aafcd1,3.12.12,dsid_cache_fix
2026-09-20T09:14:41+00:00,edrixs,BENCH_BATCHED_5F,batched,mode_a_cached,cold,2,0,20260920,10000,0,483200000,3.019,3311.97,160.0,256.0,0.704,cached,0.055,0.991,0,1,0b0m,0.0,0.0,sdfmilan149,b268731,0.2.18,0.2.15b1.dev14+b7aafcd1,3.12.12,dsid_cache_fix
2026-09-20T09:14:45+00:00,edrixs,BENCH_BATCHED_5F,batched,h5py_plain,cold,2,0,20260921,10000,0,483200000,3.059,3268.7,157.9,256.0,0.022,glob+harvest,0.275,0.955,0,1,0b0m,0.0,0.0,sdfmilan149,b268731,0.2.18,0.2.15b1.dev14+b7aafcd1,3.12.12,dsid_cache_fix
2026-09-20T09:14:49+00:00,edrixs,BENCH_BATCHED_5F,batched,mode_a_cached,cold,2,0,20260921,10000,0,483200000,2.763,3619.07,174.9,256.0,0.69,cached,0.043,0.992,0,1,0b0m,0.0,0.0,sdfmilan149,b268731,0.2.18,0.2.15b1.dev14+b7aafcd1,3.12.12,dsid_cache_fix
2026-09-20T09:14:52+00:00,edrixs,BENCH_BATCHED_5F,batched,h5py_plain,cold,2,0,20260922,10000,0,483200000,2.926,3417.49,165.1,256.0,0.023,glob+harvest,0.073,0.988,0,1,0b0m,0.0,0.0,sdfmilan149,b268731,0.2.18,0.2.15b1.dev14+b7aafcd1,3.12.12,dsid_cache_fix
2026-09-20T09:14:57+00:00,edrixs,BENCH_BATCHED_5F,batched,mode_a_cached,cold,2,0,20260922,10000,0,483200000,2.871,3483.32,168.3,256.0,0.686,cached,0.083,0.986,0,1,0b0m,0.0,0.0,sdfmilan149,b268731,0.2.18,0.2.15b1.dev14+b7aafcd1,3.12.12,dsid_cache_fix
2026-09-20T09:15:00+00:00,edrixs,BENCH_BATCHED_5F,batched,h5py_plain,warm,4,0,20260920,10000,0,483200000,2.571,3889.55,187.9,256.0,0.037,glob+harvest,0.149,0.963,0,1,0b0m,0.1,0.0,sdfmilan149,b268731,0.2.18,0.2.15b1.dev14+b7aafcd1,3.12.12,dsid_cache_fix
2026-09-20T09:15:04+00:00,edrixs,BENCH_BATCHED_5F,batched,mode_a_cached,warm,4,0,20260920,10000,0,483200000,2.628,3804.57,183.8,256.0,0.689,cached,0.165,0.958,0,1,0b0m,0.1,0.0,sdfmilan149,b268731,0.2.18,0.2.15b1.dev14+b7aafcd1,3.12.12,dsid_cache_fix
2026-09-20T09:15:07+00:00,edrixs,BENCH_BATCHED_5F,batched,h5py_plain,warm,4,0,20260921,10000,0,483200000,2.48,4031.8,194.8,256.0,0.028,glob+harvest,0.076,0.983,0,1,0b0m,0.1,0.0,sdfmilan149,b268731,0.2.18,0.2.15b1.dev14+b7aafcd1,3.12.12,dsid_cache_fix
2026-09-20T09:15:11+00:00,edrixs,BENCH_BATCHED_5F,batched,mode_a_cached,warm,4,0,20260921,10000,0,483200000,2.477,4037.48,195.1,256.0,0.761,cached,0.066,0.985,0,1,0b0m,0.1,0.0,sdfmilan149,b268731,0.2.18,0.2.15b1.dev14+b7aafcd1,3.12.12,dsid_cache_fix
2026-09-20T09:15:14+00:00,edrixs,BENCH_BATCHED_5F,batched,h5py_plain,warm,4,0,20260922,10000,0,483200000,2.496,4006.02,193.6,256.0,0.026,glob+harvest,0.077,0.983,0,1,0b0m,0.1,0.0,sdfmilan149,b268731,0.2.18,0.2.15b1.dev14+b7aafcd1,3.12.12,dsid_cache_fix
2026-09-20T09:15:18+00:00,edrixs,BENCH_BATCHED_5F,batched,mode_a_cached,warm,4,0,20260922,10000,0,483200000,2.49,4015.44,194.0,256.0,0.617,cached,0.065,0.984,0,1,0b0m,0.1,0.0,sdfmilan149,b268731,0.2.18,0.2.15b1.dev14+b7aafcd1,3.12.12,dsid_cache_fix
2026-09-20T09:15:22+00:00,edrixs,BENCH_BATCHED_5F,batched,h5py_plain,warm,4,0,20260923,10000,0,483200000,2.625,3808.82,184.0,256.0,0.024,glob+harvest,0.215,0.955,0,1,0b0m,0.0,0.0,sdfmilan149,b268731,0.2.18,0.2.15b1.dev14+b7aafcd1,3.12.12,dsid_cache_fix
2026-09-20T09:15:25+00:00,edrixs,BENCH_BATCHED_5F,batched,mode_a_cached,warm,4,0,20260923,10000,0,483200000,2.414,4143.03,200.2,256.0,0.674,cached,0.039,0.993,0,1,0b0m,0.1,0.0,sdfmilan149,b268731,0.2.18,0.2.15b1.dev14+b7aafcd1,3.12.12,dsid_cache_fix
2026-09-20T09:15:28+00:00,edrixs,BENCH_BATCHED_5F,batched,h5py_plain,warm,4,0,20260924,10000,0,483200000,2.509,3985.72,192.6,256.0,0.023,glob+harvest,0.083,0.978,0,1,0b0m,0.1,0.0,sdfmilan149,b268731,0.2.18,0.2.15b1.dev14+b7aafcd1,3.12.12,dsid_cache_fix
2026-09-20T09:15:32+00:00,edrixs,BENCH_BATCHED_5F,batched,mode_a_cached,warm,4,0,20260924,10000,0,483200000,2.506,3991.19,192.9,256.0,0.696,cached,0.08,0.978,0,1,0b0m,0.1,0.0,sdfmilan149,b268731,0.2.18,0.2.15b1.dev14+b7aafcd1,3.12.12,dsid_cache_fix
2026-09-20T09:15:36+00:00,edrixs,BENCH_BATCHED_5F,batched,h5py_plain,cold,4,0,20260920,10000,0,483200000,2.805,3564.52,172.2,256.0,0.023,glob+harvest,0.354,0.913,0,1,0b0m,0.0,0.0,sdfmilan149,b268731,0.2.18,0.2.15b1.dev14+b7aafcd1,3.12.12,dsid_cache_fix
2026-09-20T09:15:40+00:00,edrixs,BENCH_BATCHED_5F,batched,mode_a_cached,cold,4,0,20260920,10000,0,483200000,2.698,3706.59,179.1,256.0,0.65,cached,0.253,0.937,0,1,0b0m,0.0,0.0,sdfmilan149,b268731,0.2.18,0.2.15b1.dev14+b7aafcd1,3.12.12,dsid_cache_fix
2026-09-20T09:15:43+00:00,edrixs,BENCH_BATCHED_5F,batched,h5py_plain,cold,4,0,20260921,10000,0,483200000,2.696,3709.56,179.2,256.0,0.023,glob+harvest,0.278,0.939,0,1,0b0m,0.0,0.0,sdfmilan149,b268731,0.2.18,0.2.15b1.dev14+b7aafcd1,3.12.12,dsid_cache_fix
2026-09-20T09:15:47+00:00,edrixs,BENCH_BATCHED_5F,batched,mode_a_cached,cold,4,0,20260921,10000,0,483200000,2.743,3645.58,176.2,256.0,0.63,cached,0.321,0.931,0,1,0b0m,0.0,0.0,sdfmilan149,b268731,0.2.18,0.2.15b1.dev14+b7aafcd1,3.12.12,dsid_cache_fix
2026-09-20T09:15:51+00:00,edrixs,BENCH_BATCHED_5F,batched,h5py_plain,cold,4,0,20260922,10000,0,483200000,2.71,3689.72,178.3,256.0,0.023,glob+harvest,0.29,0.944,0,1,0b0m,0.0,0.0,sdfmilan149,b268731,0.2.18,0.2.15b1.dev14+b7aafcd1,3.12.12,dsid_cache_fix
2026-09-20T09:15:55+00:00,edrixs,BENCH_BATCHED_5F,batched,mode_a_cached,cold,4,0,20260922,10000,0,483200000,2.854,3504.16,169.3,256.0,0.7,cached,0.403,0.919,0,1,0b0m,0.0,0.0,sdfmilan149,b268731,0.2.18,0.2.15b1.dev14+b7aafcd1,3.12.12,dsid_cache_fix
2026-09-20T09:15:58+00:00,edrixs,BENCH_BATCHED_5F,batched,h5py_plain,warm,8,0,20260920,10000,0,483200000,2.329,4294.25,207.5,256.0,0.026,glob+harvest,0.083,0.983,0,1,0b0m,0.0,0.0,sdfmilan149,b268731,0.2.18,0.2.15b1.dev14+b7aafcd1,3.12.12,dsid_cache_fix
2026-09-20T09:16:02+00:00,edrixs,BENCH_BATCHED_5F,batched,mode_a_cached,warm,8,0,20260920,10000,0,483200000,2.331,4289.82,207.3,256.0,0.682,cached,0.082,0.978,0,1,0b0m,0.0,0.0,sdfmilan149,b268731,0.2.18,0.2.15b1.dev14+b7aafcd1,3.12.12,dsid_cache_fix
2026-09-20T09:16:05+00:00,edrixs,BENCH_BATCHED_5F,batched,h5py_plain,warm,8,0,20260921,10000,0,483200000,2.297,4353.21,210.3,256.0,0.023,glob+harvest,0.04,0.993,0,1,0b0m,0.0,0.0,sdfmilan149,b268731,0.2.18,0.2.15b1.dev14+b7aafcd1,3.12.12,dsid_cache_fix
2026-09-20T09:16:09+00:00,edrixs,BENCH_BATCHED_5F,batched,mode_a_cached,warm,8,0,20260921,10000,0,483200000,2.31,4329.16,209.2,256.0,0.664,cached,0.068,0.985,0,1,0b0m,0.0,0.0,sdfmilan149,b268731,0.2.18,0.2.15b1.dev14+b7aafcd1,3.12.12,dsid_cache_fix
2026-09-20T09:16:12+00:00,edrixs,BENCH_BATCHED_5F,batched,h5py_plain,warm,8,0,20260922,10000,0,483200000,2.322,4306.14,208.1,256.0,0.024,glob+harvest,0.068,0.989,0,1,0b0m,0.0,0.0,sdfmilan149,b268731,0.2.18,0.2.15b1.dev14+b7aafcd1,3.12.12,dsid_cache_fix
2026-09-20T09:16:15+00:00,edrixs,BENCH_BATCHED_5F,batched,mode_a_cached,warm,8,0,20260922,10000,0,483200000,2.297,4354.24,210.4,256.0,0.634,cached,0.055,0.99,0,1,0b0m,0.0,0.0,sdfmilan149,b268731,0.2.18,0.2.15b1.dev14+b7aafcd1,3.12.12,dsid_cache_fix
2026-09-20T09:16:18+00:00,edrixs,BENCH_BATCHED_5F,batched,h5py_plain,warm,8,0,20260923,10000,0,483200000,2.405,4157.96,200.9,256.0,0.022,glob+harvest,0.148,0.959,0,1,0b0m,0.0,0.0,sdfmilan149,b268731,0.2.18,0.2.15b1.dev14+b7aafcd1,3.12.12,dsid_cache_fix
2026-09-20T09:16:22+00:00,edrixs,BENCH_BATCHED_5F,batched,mode_a_cached,warm,8,0,20260923,10000,0,483200000,2.396,4173.63,201.7,256.0,0.626,cached,0.148,0.962,0,1,0b0m,0.0,0.0,sdfmilan149,b268731,0.2.18,0.2.15b1.dev14+b7aafcd1,3.12.12,dsid_cache_fix
2026-09-20T09:16:25+00:00,edrixs,BENCH_BATCHED_5F,batched,h5py_plain,warm,8,0,20260924,10000,0,483200000,2.338,4277.33,206.7,256.0,0.022,glob+harvest,0.095,0.978,0,1,0b0m,0.0,0.0,sdfmilan149,b268731,0.2.18,0.2.15b1.dev14+b7aafcd1,3.12.12,dsid_cache_fix
2026-09-20T09:16:29+00:00,edrixs,BENCH_BATCHED_5F,batched,mode_a_cached,warm,8,0,20260924,10000,0,483200000,2.31,4329.54,209.2,256.0,0.629,cached,0.071,0.983,0,1,0b0m,0.0,0.0,sdfmilan149,b268731,0.2.18,0.2.15b1.dev14+b7aafcd1,3.12.12,dsid_cache_fix
2026-09-20T09:16:32+00:00,edrixs,BENCH_BATCHED_5F,batched,h5py_plain,cold,8,0,20260920,10000,0,483200000,2.525,3960.16,191.4,256.0,0.023,glob+harvest,0.244,0.929,0,1,0b0m,0.0,0.0,sdfmilan149,b268731,0.2.18,0.2.15b1.dev14+b7aafcd1,3.12.12,dsid_cache_fix
2026-09-20T09:16:36+00:00,edrixs,BENCH_BATCHED_5F,batched,mode_a_cached,cold,8,0,20260920,10000,0,483200000,2.76,3623.51,175.1,256.0,0.643,cached,0.485,0.881,0,1,0b0m,0.0,0.0,sdfmilan149,b268731,0.2.18,0.2.15b1.dev14+b7aafcd1,3.12.12,dsid_cache_fix
2026-09-20T09:16:39+00:00,edrixs,BENCH_BATCHED_5F,batched,h5py_plain,cold,8,0,20260921,10000,0,483200000,2.724,3671.58,177.4,256.0,0.027,glob+harvest,0.441,0.905,0,1,0b0m,0.0,0.0,sdfmilan149,b268731,0.2.18,0.2.15b1.dev14+b7aafcd1,3.12.12,dsid_cache_fix
2026-09-20T09:16:44+00:00,edrixs,BENCH_BATCHED_5F,batched,mode_a_cached,cold,8,0,20260921,10000,0,483200000,2.777,3600.72,174.0,256.0,0.692,cached,0.51,0.892,0,1,0b0m,0.0,0.0,sdfmilan149,b268731,0.2.18,0.2.15b1.dev14+b7aafcd1,3.12.12,dsid_cache_fix
2026-09-20T09:16:47+00:00,edrixs,BENCH_BATCHED_5F,batched,h5py_plain,cold,8,0,20260922,10000,0,483200000,2.481,4030.15,194.7,256.0,0.029,glob+harvest,0.212,0.947,0,1,0b0m,0.0,0.0,sdfmilan149,b268731,0.2.18,0.2.15b1.dev14+b7aafcd1,3.12.12,dsid_cache_fix
2026-09-20T09:16:50+00:00,edrixs,BENCH_BATCHED_5F,batched,mode_a_cached,cold,8,0,20260922,10000,0,483200000,2.48,4032.66,194.9,256.0,0.651,cached,0.205,0.939,0,1,0b0m,0.0,0.0,sdfmilan149,b268731,0.2.18,0.2.15b1.dev14+b7aafcd1,3.12.12,dsid_cache_fix
2026-09-20T09:16:54+00:00,edrixs,BENCH_BATCHED_5F,batched,h5py_plain,warm,16,0,20260920,10000,0,483200000,2.399,4167.56,201.4,256.0,0.024,glob+harvest,0.206,0.95,0,1,0b0m,0.0,0.0,sdfmilan149,b268731,0.2.18,0.2.15b1.dev14+b7aafcd1,3.12.12,dsid_cache_fix
2026-09-20T09:16:57+00:00,edrixs,BENCH_BATCHED_5F,batched,mode_a_cached,warm,16,0,20260920,10000,0,483200000,2.31,4329.56,209.2,256.0,0.686,cached,0.133,0.969,0,1,0b0m,0.1,0.0,sdfmilan149,b268731,0.2.18,0.2.15b1.dev14+b7aafcd1,3.12.12,dsid_cache_fix
2026-09-20T09:17:01+00:00,edrixs,BENCH_BATCHED_5F,batched,h5py_plain,warm,16,0,20260921,10000,0,483200000,2.395,4176.02,201.8,256.0,0.023,glob+harvest,0.202,0.953,0,1,0b0m,0.1,0.0,sdfmilan149,b268731,0.2.18,0.2.15b1.dev14+b7aafcd1,3.12.12,dsid_cache_fix
2026-09-20T09:17:04+00:00,edrixs,BENCH_BATCHED_5F,batched,mode_a_cached,warm,16,0,20260921,10000,0,483200000,2.262,4420.03,213.6,256.0,0.65,cached,0.102,0.975,0,1,0b0m,0.1,0.0,sdfmilan149,b268731,0.2.18,0.2.15b1.dev14+b7aafcd1,3.12.12,dsid_cache_fix
2026-09-20T09:17:07+00:00,edrixs,BENCH_BATCHED_5F,batched,h5py_plain,warm,16,0,20260922,10000,0,483200000,2.403,4161.45,201.1,256.0,0.026,glob+harvest,0.22,0.947,0,1,0b0m,0.0,0.0,sdfmilan149,b268731,0.2.18,0.2.15b1.dev14+b7aafcd1,3.12.12,dsid_cache_fix
2026-09-20T09:17:11+00:00,edrixs,BENCH_BATCHED_5F,batched,mode_a_cached,warm,16,0,20260922,10000,0,483200000,2.365,4227.97,204.3,256.0,0.626,cached,0.162,0.96,0,1,0b0m,0.0,0.0,sdfmilan149,b268731,0.2.18,0.2.15b1.dev14+b7aafcd1,3.12.12,dsid_cache_fix
2026-09-20T09:17:14+00:00,edrixs,BENCH_BATCHED_5F,batched,h5py_plain,warm,16,0,20260923,10000,0,483200000,2.44,4098.65,198.0,256.0,0.024,glob+harvest,0.214,0.942,0,1,0b0m,0.0,0.0,sdfmilan149,b268731,0.2.18,0.2.15b1.dev14+b7aafcd1,3.12.12,dsid_cache_fix
2026-09-20T09:17:18+00:00,edrixs,BENCH_BATCHED_5F,batched,mode_a_cached,warm,16,0,20260923,10000,0,483200000,2.345,4264.85,206.1,256.0,0.624,cached,0.171,0.954,0,1,0b0m,0.0,0.0,sdfmilan149,b268731,0.2.18,0.2.15b1.dev14+b7aafcd1,3.12.12,dsid_cache_fix
2026-09-20T09:17:21+00:00,edrixs,BENCH_BATCHED_5F,batched,h5py_plain,warm,16,0,20260924,10000,0,483200000,2.418,4135.18,199.8,256.0,0.025,glob+harvest,0.191,0.944,0,1,0b0m,0.0,0.0,sdfmilan149,b268731,0.2.18,0.2.15b1.dev14+b7aafcd1,3.12.12,dsid_cache_fix
2026-09-20T09:17:25+00:00,edrixs,BENCH_BATCHED_5F,batched,mode_a_cached,warm,16,0,20260924,10000,0,483200000,2.308,4333.03,209.4,256.0,0.613,cached,0.092,0.977,0,1,0b0m,0.0,0.0,sdfmilan149,b268731,0.2.18,0.2.15b1.dev14+b7aafcd1,3.12.12,dsid_cache_fix
2026-09-20T09:17:28+00:00,edrixs,BENCH_BATCHED_5F,batched,h5py_plain,cold,16,0,20260920,10000,0,483200000,2.493,4011.92,193.9,256.0,0.025,glob+harvest,0.28,0.937,0,1,0b0m,0.0,0.0,sdfmilan149,b268731,0.2.18,0.2.15b1.dev14+b7aafcd1,3.12.12,dsid_cache_fix
2026-09-20T09:17:32+00:00,edrixs,BENCH_BATCHED_5F,batched,mode_a_cached,cold,16,0,20260920,10000,0,483200000,2.547,3926.75,189.7,256.0,0.648,cached,0.276,0.921,0,1,0b0m,0.0,0.0,sdfmilan149,b268731,0.2.18,0.2.15b1.dev14+b7aafcd1,3.12.12,dsid_cache_fix
2026-09-20T09:17:35+00:00,edrixs,BENCH_BATCHED_5F,batched,h5py_plain,cold,16,0,20260921,10000,0,483200000,2.571,3889.94,188.0,256.0,0.023,glob+harvest,0.341,0.904,0,1,0b0m,0.0,0.0,sdfmilan149,b268731,0.2.18,0.2.15b1.dev14+b7aafcd1,3.12.12,dsid_cache_fix
2026-09-20T09:17:39+00:00,edrixs,BENCH_BATCHED_5F,batched,mode_a_cached,cold,16,0,20260921,10000,0,483200000,2.47,4048.17,195.6,256.0,0.652,cached,0.244,0.925,0,1,0b0m,0.0,0.0,sdfmilan149,b268731,0.2.18,0.2.15b1.dev14+b7aafcd1,3.12.12,dsid_cache_fix
2026-09-20T09:17:46+00:00,edrixs,BENCH_BATCHED_5F,batched,h5py_plain,cold,16,0,20260922,10000,0,483200000,2.531,3951.78,191.0,256.0,0.023,glob+harvest,0.308,0.916,0,1,0b0m,0.0,0.0,sdfmilan149,b268731,0.2.18,0.2.15b1.dev14+b7aafcd1,3.12.12,dsid_cache_fix
2026-09-20T09:17:50+00:00,edrixs,BENCH_BATCHED_5F,batched,mode_a_cached,cold,16,0,20260922,10000,0,483200000,2.391,4182.27,202.1,256.0,0.594,cached,0.201,0.947,0,1,0b0m,0.0,0.0,sdfmilan149,b268731,0.2.18,0.2.15b1.dev14+b7aafcd1,3.12.12,dsid_cache_fix
2026-09-20T09:17:53+00:00,edrixs,BENCH_BATCHED_5F,batched,h5py_plain,warm,32,0,20260920,10000,0,483200000,2.261,4422.5,213.7,256.0,0.021,glob+harvest,0.168,0.959,0,1,0b0m,0.0,0.0,sdfmilan149,b268731,0.2.18,0.2.15b1.dev14+b7aafcd1,3.12.12,dsid_cache_fix
2026-09-20T09:17:56+00:00,edrixs,BENCH_BATCHED_5F,batched,mode_a_cached,warm,32,0,20260920,10000,0,483200000,2.216,4512.54,218.0,256.0,0.628,cached,0.139,0.973,0,1,0b0m,0.1,0.0,sdfmilan149,b268731,0.2.18,0.2.15b1.dev14+b7aafcd1,3.12.12,dsid_cache_fix
2026-09-20T09:18:00+00:00,edrixs,BENCH_BATCHED_5F,batched,h5py_plain,warm,32,0,20260921,10000,0,483200000,2.228,4488.52,216.9,256.0,0.023,glob+harvest,0.136,0.97,0,1,0b0m,0.0,0.0,sdfmilan149,b268731,0.2.18,0.2.15b1.dev14+b7aafcd1,3.12.12,dsid_cache_fix
2026-09-20T09:18:03+00:00,edrixs,BENCH_BATCHED_5F,batched,mode_a_cached,warm,32,0,20260921,10000,0,483200000,2.21,4525.32,218.7,256.0,0.666,cached,0.157,0.969,0,1,0b0m,0.0,0.0,sdfmilan149,b268731,0.2.18,0.2.15b1.dev14+b7aafcd1,3.12.12,dsid_cache_fix
2026-09-20T09:18:06+00:00,edrixs,BENCH_BATCHED_5F,batched,h5py_plain,warm,32,0,20260922,10000,0,483200000,2.247,4451.11,215.1,256.0,0.022,glob+harvest,0.202,0.956,0,1,0b0m,0.0,0.0,sdfmilan149,b268731,0.2.18,0.2.15b1.dev14+b7aafcd1,3.12.12,dsid_cache_fix
2026-09-20T09:18:10+00:00,edrixs,BENCH_BATCHED_5F,batched,mode_a_cached,warm,32,0,20260922,10000,0,483200000,2.28,4385.94,211.9,256.0,0.877,cached,0.216,0.95,0,1,0b0m,0.0,0.0,sdfmilan149,b268731,0.2.18,0.2.15b1.dev14+b7aafcd1,3.12.12,dsid_cache_fix
2026-09-20T09:18:13+00:00,edrixs,BENCH_BATCHED_5F,batched,h5py_plain,warm,32,0,20260923,10000,0,483200000,2.252,4441.44,214.6,256.0,0.024,glob+harvest,0.166,0.957,0,1,0b0m,0.1,0.0,sdfmilan149,b268731,0.2.18,0.2.15b1.dev14+b7aafcd1,3.12.12,dsid_cache_fix
2026-09-20T09:18:17+00:00,edrixs,BENCH_BATCHED_5F,batched,mode_a_cached,warm,32,0,20260923,10000,0,483200000,2.228,4488.53,216.9,256.0,0.625,cached,0.172,0.959,0,1,0b0m,0.1,0.0,sdfmilan149,b268731,0.2.18,0.2.15b1.dev14+b7aafcd1,3.12.12,dsid_cache_fix
2026-09-20T09:18:20+00:00,edrixs,BENCH_BATCHED_5F,batched,h5py_plain,warm,32,0,20260924,10000,0,483200000,2.273,4399.75,212.6,256.0,0.041,glob+harvest,0.179,0.958,0,1,0b0m,0.0,0.0,sdfmilan149,b268731,0.2.18,0.2.15b1.dev14+b7aafcd1,3.12.12,dsid_cache_fix
2026-09-20T09:18:24+00:00,edrixs,BENCH_BATCHED_5F,batched,mode_a_cached,warm,32,0,20260924,10000,0,483200000,2.22,4505.08,217.7,256.0,0.616,cached,0.159,0.961,0,1,0b0m,0.0,0.0,sdfmilan149,b268731,0.2.18,0.2.15b1.dev14+b7aafcd1,3.12.12,dsid_cache_fix
2026-09-20T09:18:27+00:00,edrixs,BENCH_BATCHED_5F,batched,h5py_plain,cold,32,0,20260920,10000,0,483200000,2.467,4053.47,195.9,256.0,0.023,glob+harvest,0.372,0.909,0,1,0b0m,0.0,0.0,sdfmilan149,b268731,0.2.18,0.2.15b1.dev14+b7aafcd1,3.12.12,dsid_cache_fix
2026-09-20T09:18:31+00:00,edrixs,BENCH_BATCHED_5F,batched,mode_a_cached,cold,32,0,20260920,10000,0,483200000,2.451,4079.82,197.1,256.0,0.716,cached,0.393,0.904,0,1,0b0m,0.0,0.0,sdfmilan149,b268731,0.2.18,0.2.15b1.dev14+b7aafcd1,3.12.12,dsid_cache_fix
2026-09-20T09:18:34+00:00,edrixs,BENCH_BATCHED_5F,batched,h5py_plain,cold,32,0,20260921,10000,0,483200000,2.542,3933.69,190.1,256.0,0.024,glob+harvest,0.455,0.879,0,1,0b0m,0.0,0.0,sdfmilan149,b268731,0.2.18,0.2.15b1.dev14+b7aafcd1,3.12.12,dsid_cache_fix
2026-09-20T09:18:38+00:00,edrixs,BENCH_BATCHED_5F,batched,mode_a_cached,cold,32,0,20260921,10000,0,483200000,2.449,4083.0,197.3,256.0,0.623,cached,0.357,0.899,0,1,0b0m,0.0,0.0,sdfmilan149,b268731,0.2.18,0.2.15b1.dev14+b7aafcd1,3.12.12,dsid_cache_fix
2026-09-20T09:18:41+00:00,edrixs,BENCH_BATCHED_5F,batched,h5py_plain,cold,32,0,20260922,10000,0,483200000,2.382,4198.51,202.9,256.0,0.022,glob+harvest,0.319,0.927,0,1,0b0m,0.0,0.0,sdfmilan149,b268731,0.2.18,0.2.15b1.dev14+b7aafcd1,3.12.12,dsid_cache_fix
2026-09-20T09:18:45+00:00,edrixs,BENCH_BATCHED_5F,batched,mode_a_cached,cold,32,0,20260922,10000,0,483200000,2.389,4186.13,202.3,256.0,0.651,cached,0.342,0.915,0,1,0b0m,0.0,0.0,sdfmilan149,b268731,0.2.18,0.2.15b1.dev14+b7aafcd1,3.12.12,dsid_cache_fix
