dataset_key,method,concurrency,export_batch,n_entities,rep,artifact,location,layout,n_artifacts,mb_per_artifact,mb_per_entity,stack_size,mimetype,tiled_version,server_version,url,note,wall_s,entities,expected_entities,errors,payload_mb,wire_mb,req_p50_ms,req_p95_ms,req_p99_ms,app_p50_ms,app_sum_s,net_sum_s,nav_sum_s,decode_s
EGRESS_PE_16M_BROKER,asset_bytes,1,,256,1,signal,remote,per_entity,1,16.777216,16.777216,,application/x-hdf5-broker,0.2.13,0.2.14.dev18+aa32112d,https://lcls-data-portal.slac.stanford.edu/tiled-test,8-processes-aggregate bandwidth-ladder w16pool,16.837533249519765,256,256,0,0.0,4295.49568,59.852671809494495,232.92730748653412,252.94810347259045,54.9,16.644000000000002,1.333847518399358,47.68868335336447,0.0
EGRESS_PE_16M_BROKER,asset_bytes,1,,256,2,signal,remote,per_entity,1,16.777216,16.777216,,application/x-hdf5-broker,0.2.13,0.2.14.dev18+aa32112d,https://lcls-data-portal.slac.stanford.edu/tiled-test,8-processes-aggregate bandwidth-ladder w16pool,16.118816721253097,256,256,0,0.0,4295.49568,58.0211840569973,213.5266214609146,232.92099870741367,54.1,17.0287,1.2749276707425714,45.54723481088877,0.0
EGRESS_PE_16M_BROKER,asset_bytes,1,,256,1,signal,remote,per_entity,1,16.777216,16.777216,,application/x-hdf5-broker,0.2.13,0.2.14.dev18+aa32112d,https://lcls-data-portal.slac.stanford.edu/tiled-test,16-processes-aggregate bandwidth-ladder w16pool,10.991220901720226,252,256,4,0.0,4228.378696,70.42233739048243,581.4457945525646,581.4457945525646,65.3,20.3085,1.2867289868146183,55.34008951019496,0.0
EGRESS_PE_16M_BROKER,asset_bytes,1,,256,2,signal,remote,per_entity,1,16.777216,16.777216,,application/x-hdf5-broker,0.2.13,0.2.14.dev18+aa32112d,https://lcls-data-portal.slac.stanford.edu/tiled-test,16-processes-aggregate bandwidth-ladder w16pool,11.55462648626417,251,256,5,0.0,4211.59945,61.52622867375612,473.2912154868245,473.2912154868245,57.8,19.0661,1.2321502337545156,56.45103825908154,0.0
EGRESS_PE_16M_BROKER,asset_bytes,1,,256,1,signal,remote,per_entity,1,16.777216,16.777216,,application/x-hdf5-broker,0.2.13,0.2.14.dev18+aa32112d,https://lcls-data-portal.slac.stanford.edu/tiled-test,32-processes-aggregate bandwidth-ladder w16pool,6.913462907075882,248,256,8,0.0,4161.2617119999995,77.49191112816334,309.37767401337624,309.37767401337624,73.1,22.2011,1.5150117233335971,68.3958881245926,0.0
EGRESS_PE_16M_BROKER,asset_bytes,1,,256,2,signal,remote,per_entity,1,16.777216,16.777216,,application/x-hdf5-broker,0.2.13,0.2.14.dev18+aa32112d,https://lcls-data-portal.slac.stanford.edu/tiled-test,32-processes-aggregate bandwidth-ladder w16pool,7.6586098009720445,245,256,11,0.0,4110.923974,76.80709008127451,430.89956417679787,430.89956417679787,72.9,22.2421,1.4577434904962778,69.10641669109464,0.0
EGRESS_PE_16M_BROKER,asset_bytes,1,,256,1,signal,remote,per_entity,1,16.777216,16.777216,,application/x-hdf5-broker,0.2.13,0.2.14.dev18+aa32112d,https://lcls-data-portal.slac.stanford.edu/tiled-test,64-processes-aggregate bandwidth-ladder w16pool,5.9813698921352625,234,256,22,0.0,3926.352268,79.96182888746262,453.1366862356663,453.1366862356663,76.1,26.096,1.614354097187519,93.04169791005552,0.0
EGRESS_BAT_1M_BROKER,asset_bytes,1,,1000,1,signal,remote,batched,1,1.048576,1.048576,1000,application/x-hdf5-broker,0.2.13,0.2.14.dev18+aa32112d,https://lcls-data-portal.slac.stanford.edu/tiled-test,4-processes-aggregate whole-file-streams w16pool,14.48165491130203,4000,4000,0,0.0,4194.384608,54.072848521173,55.32379914075136,55.32379914075136,50.9,0.1999,0.015040263889729979,0.7173595707863569,0.0
EGRESS_BAT_1M_BROKER,asset_bytes,1,,1000,2,signal,remote,batched,1,1.048576,1.048576,1000,application/x-hdf5-broker,0.2.13,0.2.14.dev18+aa32112d,https://lcls-data-portal.slac.stanford.edu/tiled-test,4-processes-aggregate whole-file-streams w16pool,13.185091999359429,4000,4000,0,0.0,4194.384608,54.56682667136192,70.88645547628403,70.88645547628403,51.3,0.2188,0.014057087627053263,0.6025965306907892,0.0
EGRESS_BAT_1M_BROKER,asset_bytes,1,,1000,1,signal,remote,batched,1,1.048576,1.048576,1000,application/x-hdf5-broker,0.2.13,0.2.14.dev18+aa32112d,https://lcls-data-portal.slac.stanford.edu/tiled-test,8-processes-aggregate whole-file-streams w16pool,15.648325490765274,8000,8000,0,0.0,8388.769216,65.91316685080528,104.78988476097584,104.78988476097584,62.0,0.5409,0.03548061325997114,1.6022711638361216,0.0
EGRESS_BAT_1M_BROKER,asset_bytes,1,,1000,2,signal,remote,batched,1,1.048576,1.048576,1000,application/x-hdf5-broker,0.2.13,0.2.14.dev18+aa32112d,https://lcls-data-portal.slac.stanford.edu/tiled-test,8-processes-aggregate whole-file-streams w16pool,15.6980025973171,8000,8000,0,0.0,8388.769216,62.44850065559149,80.4426884278655,80.4426884278655,58.5,0.4768,0.03377133637368679,2.0826801201328635,0.0
EGRESS_BAT_1M_BROKER,asset_bytes,1,,1000,1,signal,remote,batched,1,1.048576,1.048576,1000,application/x-hdf5-broker,0.2.13,0.2.14.dev18+aa32112d,https://lcls-data-portal.slac.stanford.edu/tiled-test,16-processes-aggregate whole-file-streams w16pool,18.26270469557494,16000,16000,0,0.0,16777.538432,69.30935010313988,158.05587079375982,158.05587079375982,65.6,1.2751000000000001,0.06882593055963518,3.4681784976273775,0.0
EGRESS_BAT_1M_BROKER,asset_bytes,1,,1000,2,signal,remote,batched,1,1.048576,1.048576,1000,application/x-hdf5-broker,0.2.13,0.2.14.dev18+aa32112d,https://lcls-data-portal.slac.stanford.edu/tiled-test,16-processes-aggregate whole-file-streams w16pool,18.306069099344313,16000,16000,0,0.0,16777.538432,63.422675244510174,84.92107968777418,84.92107968777418,60.5,0.9722,0.06366417809128762,3.1525733042508364,0.0
EGRESS_BAT_1M_BROKER,asset_bytes,1,,1000,1,signal,remote,batched,1,1.048576,1.048576,1000,application/x-hdf5-broker,0.2.13,0.2.14.dev18+aa32112d,https://lcls-data-portal.slac.stanford.edu/tiled-test,32-processes-aggregate whole-file-streams w16pool,30.755720746703446,32000,32000,0,0.0,33555.076864,80.35351056605577,178.9959641173482,178.9959641173482,75.6,2.5154,0.2490810872152448,8.291848856955767,0.0
EGRESS_BAT_1M_BROKER,asset_bytes,1,,1000,2,signal,remote,batched,1,1.048576,1.048576,1000,application/x-hdf5-broker,0.2.13,0.2.14.dev18+aa32112d,https://lcls-data-portal.slac.stanford.edu/tiled-test,32-processes-aggregate whole-file-streams w16pool,21.768528271466494,32000,32000,0,0.0,33555.076864,67.62765161693096,140.7854901626706,140.7854901626706,64.5,2.2423,0.14205227610170842,6.596243917942047,0.0
EGRESS_PE_64K_BROKER,artifact_read,8,,1000,1,signal,remote,per_entity,1,0.065536,0.065536,,application/x-hdf5-broker,0.2.13,0.2.14.dev18+aa32112d,https://lcls-data-portal.slac.stanford.edu/tiled-test,4-processes-aggregate request-rate-ladder w16pool,15.777503666467965,1000,1000,0,65.536,65.538142,90.04342276602983,315.0057662278414,489.07180689275265,82.8,104.5156,6.354149570265412,207.88582948222756,0.0
EGRESS_PE_64K_BROKER,artifact_read,8,,1000,2,signal,remote,per_entity,1,0.065536,0.065536,,application/x-hdf5-broker,0.2.13,0.2.14.dev18+aa32112d,https://lcls-data-portal.slac.stanford.edu/tiled-test,4-processes-aggregate request-rate-ladder w16pool,14.945837980136275,1000,1000,0,65.536,65.53814200000001,89.83149845153093,281.3008585944772,495.93373388051987,81.7,106.8685,6.705191892437637,212.62367513217032,0.0
EGRESS_PE_64K_BROKER,artifact_read,8,,1000,1,signal,remote,per_entity,1,0.065536,0.065536,,application/x-hdf5-broker,0.2.13,0.2.14.dev18+aa32112d,https://lcls-data-portal.slac.stanford.edu/tiled-test,8-processes-aggregate request-rate-ladder w16pool,13.807354481890798,1000,1000,0,65.536,65.541304,114.3473545089364,530.342461541295,989.7983651608229,97.2,135.7649,11.427477907223999,309.5451691756025,0.0
EGRESS_PE_64K_BROKER,artifact_read,8,,1000,2,signal,remote,per_entity,1,0.065536,0.065536,,application/x-hdf5-broker,0.2.13,0.2.14.dev18+aa32112d,https://lcls-data-portal.slac.stanford.edu/tiled-test,8-processes-aggregate request-rate-ladder w16pool,13.660766356624663,1000,1000,0,65.536,65.540828,110.65325327217579,412.91564889252186,623.6363807693124,97.9,130.9202,8.793370865802467,304.8855400374159,0.0
EGRESS_PE_64K_BROKER,artifact_read,8,,992,1,signal,remote,per_entity,1,0.065536,0.065536,,application/x-hdf5-broker,0.2.13,0.2.14.dev18+aa32112d,https://lcls-data-portal.slac.stanford.edu/tiled-test,16-processes-aggregate request-rate-ladder w16pool,15.003631097264588,992,992,0,65.011712,65.02589,175.2934716641903,557.2097431868315,1131.0384133830667,189.8,217.034,9.533831519991159,528.1974155195057,0.0
EGRESS_PE_64K_BROKER,artifact_read,8,,992,2,signal,remote,per_entity,1,0.065536,0.065536,,application/x-hdf5-broker,0.2.13,0.2.14.dev18+aa32112d,https://lcls-data-portal.slac.stanford.edu/tiled-test,16-processes-aggregate request-rate-ladder w16pool,19.122015729546547,992,992,0,65.011712,65.024428,175.6801586598158,613.764638081193,1114.22826256603,188.8,214.5797,10.143175395789742,518.1176407570019,0.0
EGRESS_PE_64K_BROKER,artifact_read,8,,992,1,signal,remote,per_entity,1,0.065536,0.065536,,application/x-hdf5-broker,0.2.13,0.2.14.dev18+aa32112d,https://lcls-data-portal.slac.stanford.edu/tiled-test,32-processes-aggregate request-rate-ladder w16pool,24.2133402870968,992,992,0,65.011712,65.038912,230.05622252821922,1096.5991402044892,1670.2796844765544,364.7,366.2544,8.965588582655787,1042.1249238727614,0.0
EGRESS_PE_64K_BROKER,artifact_read,8,,992,2,signal,remote,per_entity,1,0.065536,0.065536,,application/x-hdf5-broker,0.2.13,0.2.14.dev18+aa32112d,https://lcls-data-portal.slac.stanford.edu/tiled-test,32-processes-aggregate request-rate-ladder w16pool,25.890997380018234,992,992,0,65.011712,65.042856,217.22456440329552,945.9531931206584,1909.2866284772754,372.3,371.4257,9.208670369836687,1096.6114329509437,0.0
EGRESS_PE_64K_BROKER,artifact_read,8,,960,1,signal,remote,per_entity,1,0.065536,0.065536,,application/x-hdf5-broker,0.2.13,0.2.14.dev18+aa32112d,https://lcls-data-portal.slac.stanford.edu/tiled-test,64-processes-aggregate request-rate-ladder w16pool,22.874138995073736,960,960,0,62.91456,62.934348,195.06060518324375,2583.9907079935074,3017.8825510665774,206.7,283.7631,10.226086520688236,982.8674069931731,0.0
EGRESS_PE_64K_BROKER,artifact_read,8,,960,2,signal,remote,per_entity,1,0.065536,0.065536,,application/x-hdf5-broker,0.2.13,0.2.14.dev18+aa32112d,https://lcls-data-portal.slac.stanford.edu/tiled-test,64-processes-aggregate request-rate-ladder w16pool,22.711726740002632,960,960,0,62.91456,62.936014,168.57304610311985,1624.2581559345126,2453.114182688296,163.4,287.8444,8.926509001119435,991.0002265423536,0.0
